layout/generic/nsVideoFrame.cpp,7
toolkit/mozapps/extensions/AddonManagerStartup.cpp,102
obj-firefox/ipc/ipdl/PPluginSurfaceChild.cpp,6
xpcom/threads/nsThread.cpp,62413
accessible/base/EventTree.cpp,2
ipc/mscom/MainThreadHandoff.cpp,9
xpcom/io/nsDirectoryServiceUtils.h,1
js/src/jsfun.h,26
xpcom/reflect/xptcall/xptcall.cpp,6
dom/events/TextComposition.cpp,1
obj-firefox/ipc/ipdl/PCompositorChild.cpp,1
dom/media/mediasource/TrackBuffer.cpp,12
js/src/jsobj.h,23
gfx/layers/ipc/UiCompositorControllerChild.cpp,15
dom/base/DirectionalityUtils.cpp,4
netwerk/protocol/http/HttpBackgroundChannelParent.cpp,224
dom/media/webspeech/synth/nsSynthVoiceRegistry.cpp,2
security/sandbox/chromium/sandbox/win/src/sharedmem_ipc_server.cc,2
uriloader/base/nsDocLoader.cpp,3689
obj-firefox/dom/bindings/HTMLCollectionBinding.cpp,6
security/nss/lib/ssl/ssldef.c,2
dom/animation/EffectCompositor.cpp,2
js/xpconnect/loader/ScriptPreloader.cpp,279
dom/media/MediaDecoder.cpp,8
dom/indexedDB/IDBIndex.cpp,2
xpcom/base/nsCrashOnException.cpp,15
dom/base/StructuredCloneBlob.cpp,2
storage/build/mozStorageModule.cpp,24
netwerk/base/nsTransportUtils.cpp,2
obj-firefox/dist/include/ipc/nsGUIEventIPC.h,2
js/src/ctypes/CTypes.cpp,76
gfx/layers/client/ClientImageLayer.cpp,2
media/webrtc/signaling/src/peerconnection/MediaPipelineFactory.cpp,4
security/nss/lib/cryptohi/seckey.c,1
netwerk/base/src/nsSocketTransportService2.cpp,1
dom/events/IMEContentObserver.cpp,3
parser/html/nsHtml5Highlighter.cpp,8
gfx/2d/GenericRefCounted.h,1
toolkit/xre/CreateAppData.cpp,3
xpcom/threads/ThreadStackHelper.cpp,10
toolkit/components/protobuf/src/google/protobuf/extension_set.cc,1
js/src/jsopcode.cpp,27
obj-firefox/ipc/ipdl/PWebRenderBridgeChild.cpp,291
image/decoders/nsBMPDecoder.cpp,1
js/src/vm/Runtime.h,1
dom/plugins/ipc/PluginInstanceChild.cpp,139
gfx/skia/skia/src/gpu/batches/GrBatch.h,1
obj-firefox/ipc/ipdl/PGamepadEventChannelParent.cpp,4
gfx/thebes/gfxDWriteFonts.cpp,2
netwerk/cache2/CacheFileInputStream.cpp,3
obj-firefox/dist/include/mtransport/runnable_utils.h,6
obj-firefox/dom/bindings/NodeListBinding.cpp,9
layout/svg/SVGImageContext.cpp,1
obj-firefox/ipc/ipdl/PPluginScriptableObjectChild.cpp,45
widget/cocoa/nsAppShell.mm,81
netwerk/dns/nsHostResolver.cpp,2
obj-firefox/ipc/ipdl/PNeckoChild.cpp,19
js/src/jit/BaselineDebugModeOSR.h,1
media/libpng/pngwutil.c,8
xpcom/base/nsCycleCollectionParticipant.h,2
widget/cocoa/nsChildView.mm,13
security/nss/lib/pk11wrap/dev3hack.c,1
security/nss/lib/pk11wrap/pk11skey.c,3
gfx/layers/apz/util/APZThreadUtils.cpp,113
dom/events/TouchEvent.cpp,1
image/Downscaler.cpp,2
obj-firefox/dist/include/nsClassHashtable.h,14
ipc/chromium/src/third_party/libevent/evrpc.c,2
netwerk/base/nsSocketTransport2.cpp,85
toolkit/components/telemetry/TelemetryEvent.cpp,1
xpcom/ds/nsPersistentProperties.cpp,7
security/nss/lib/softoken/pkcs11.c,2
gfx/layers/BufferTexture.cpp,15
dom/events/EventListenerService.cpp,8
dom/media/platforms/wmf/WMFVideoMFTManager.cpp,30
gfx/ipc/SharedDIBSurface.cpp,2
media/webrtc/trunk/webrtc/modules/video_capture/android/video_capture_android.cc,1
js/xpconnect/src/xpcpublic.h,2
dom/plugins/ipc/PluginWidgetParent.cpp,1
toolkit/profile/ProfileUnlockerWin.cpp,2
gfx/thebes/gfxMatrix.h,2
mozglue/misc/Mutex_posix.cpp,2
obj-firefox/dom/bindings/TextEncoderBinding.cpp,8
obj-firefox/dom/bindings/HTMLBaseElementBinding.cpp,3
xpcom/threads/Dispatcher.cpp,3
obj-firefox/dom/bindings/ConsoleBinding.cpp,1
gfx/skia/skia/src/core/SkDevice.h,16
modules/libjar/zipwriter/nsDeflateConverter.cpp,1
dom/promise/Promise.h,3
ipc/chromium/src/third_party/libevent/evdns.c,8
gfx/skia/skia/src/core/SkCanvas.cpp,91
layout/base/RestyleTracker.cpp,78
js/src/jit/IonBuilder.cpp,871
widget/gtk/nsAppShell.cpp,12
dom/base/nsContentPolicy.cpp,4
js/src/builtin/Eval.cpp,22
netwerk/base/src/nsIOService.cpp,3
docshell/base/LoadContext.cpp,4
dom/base/nsDOMWindowUtils.cpp,4
obj-firefox/dist/include/mozilla/css/Rule.h,2
obj-firefox/dist/include/nsIDocument.h,1
dom/ipc/PermissionMessageUtils.cpp,2
security/manager/ssl/nsNSSComponent.cpp,18
dom/indexedDB/ActorsParent.cpp,109
gfx/angle/src/libANGLE/renderer/d3d/VertexBuffer.cpp,11
modules/freetype2/src/cid/cidparse.c,2
modules/libpref/nsPrefBranch.cpp,1
dom/base/nsJSTimeoutHandler.cpp,2
gfx/layers/ipc/CompositableTransactionParent.cpp,33
js/src/jit/shared/CodeGenerator-shared.h,2
ipc/chromium/src/base/message_pump_win.h,113
obj-firefox/dist/include/nsRect.h,1
layout/style/nsTransitionManager.cpp,4
xpcom/io/Base64.cpp,4
js/src/gc/Marking.h,1
dom/base/Timeout.cpp,33
xpcom/threads/nsThreadPool.cpp,990
ipc/glue/ProtocolUtils.h,1
netwerk/base/nsURLParsers.cpp,4
dom/base/nsWindowMemoryReporter.cpp,1
obj-firefox/dist/include/mozilla/dom/PrimitiveConversions.h,2
obj-firefox/dist/include/mozilla/layers/ShadowLayers.h,1
memory/build/malloc_decls.h,217
gfx/layers/wr/WebRenderBridgeParent.cpp,18
obj-firefox/dist/include/mozilla/dom/Promise.h,1
obj-firefox/ipc/ipdl/PScriptCacheParent.cpp,3
js/src/jspropertytree.cpp,6
gfx/angle/src/libANGLE/renderer/d3d/VertexDataManager.cpp,22
netwerk/base/nsIOService.cpp,96
js/src/jsbool.cpp,1
obj-firefox/dist/include/mozilla/gfx/BasePoint4D.h,1
widget/windows/nsFilePicker.cpp,2
dom/media/webaudio/FFTBlock.h,2
dom/html/HTMLFormSubmission.cpp,2
obj-firefox/ipc/ipdl/PPluginModuleChild.cpp,72
js/src/vm/Xdr.cpp,41
accessible/base/DocManager.h,10
obj-firefox/dist/include/mozilla/StyleContextSource.h,8
gfx/layers/CopyableCanvasLayer.cpp,1
js/public/CallNonGenericMethod.h,35
layout/forms/nsHTMLButtonControlFrame.cpp,1
layout/style/nsDOMCSSRGBColor.h,1
js/src/vm/SavedStacks.cpp,24
gfx/ipc/SharedDIBWin.cpp,4
ipc/glue/MessageLink.cpp,119
mfbt/UniquePtr.h,34
obj-firefox/ipc/ipdl/PCookieServiceChild.cpp,10
media/ffvpx/libavutil/pixdesc.c,1
ipc/chromium/src/chrome/common/ipc_message.cc,13
dom/base/nsNodeUtils.h,6
gfx/layers/PersistentBufferProvider.cpp,1
ipc/glue/BackgroundChildImpl.cpp,20
obj-firefox/ipc/ipdl/PGMPServiceChild.cpp,4
js/src/proxy/CrossCompartmentWrapper.cpp,78
nsprpub/pr/src/io/prlayer.c,3
dom/media/gmp/GMPVideoDecoderParent.cpp,3
xpcom/reflect/xptinfo/xptiprivate.h,24
obj-firefox/dist/include/mozilla/WindowsVersion.h,2
media/libjpeg/simd/jsimd_i386.c,1
netwerk/base/Predictor.cpp,8
layout/style/nsStyleContext.cpp,61
layout/painting/DisplayListClipState.cpp,1
js/src/gc/NurseryAwareHashMap.h,7
dom/media/webaudio/OscillatorNode.cpp,1
netwerk/base/nsUDPSocket.cpp,1
widget/VsyncDispatcher.cpp,9
intl/locale/nsCollation.cpp,3
dom/base/nsJSUtils.cpp,14
dom/performance/PerformanceResourceTiming.cpp,1
image/imgRequest.cpp,5
js/src/vm/TypeInference-inl.h,124
js/src/gc/Barrier.cpp,3
js/xpconnect/src/XPCComponents.cpp,12
media/libstagefright/binding/MP4Metadata.cpp,8
gfx/skia/skia/src/gpu/gl/GrGLGpu.h,24
obj-firefox/dom/bindings/WorkerGlobalScopeBinding.cpp,2
dom/indexeddb/IDBTransaction.cpp,1
toolkit/components/places/nsNavHistory.cpp,75
dom/media/ipc/VideoDecoderParent.cpp,10
js/src/vm/Debugger-inl.h,1
dom/media/MediaQueue.h,3
dom/base/nsINode.cpp,68
xpcom/reflect/xptcall/md/win32/xptcinvoke.cpp,6
js/src/jit/MIR.h,20
dom/plugins/base/nsNPAPIPluginInstance.cpp,217
embedding/browser/nsWebBrowser.cpp,3
obj-firefox/ipc/ipdl/PLayerTransactionChild.cpp,16
ipc/chromium/src/base/task.h,99
obj-firefox/dist/include/mozilla/dom/ContentProcess.h,6
image/imgLoader.cpp,13
accessible/windows/msaa/AccessibleWrap.cpp,41
js/src/jit/IonAnalysis.cpp,127
obj-firefox/dom/bindings/HTMLScriptElementBinding.cpp,1
tools/profiler/core/platform-linux.cc,1
obj-firefox/dist/include/mozilla/plugins/PluginMessageUtils.h,1
js/src/jit/BitSet.cpp,4
obj-firefox/dist/include/mozilla/AnimationPropertySegment.h,3
xpcom/threads/LazyIdleThread.cpp,36
xpcom/reflect/xptinfo/xptiInterfaceInfoManager.cpp,2
dom/security/nsContentSecurityManager.cpp,6
js/src/threading/Thread.h,166
dom/xhr/XMLHttpRequestString.cpp,2
security/manager/ssl/nsSmartCardMonitor.cpp,1
widget/nsDragServiceProxy.cpp,1
widget/windows/KeyboardLayout.cpp,1
js/src/vm/TraceLogging.h,3
gfx/vr/VRDisplayHost.cpp,195
caps/ContentPrincipal.cpp,13
obj-firefox/x86_64/ipc/ipdl/PBrowser.cpp,1
embedding/components/webbrowserpersist/WebBrowserPersistDocumentChild.cpp,2
obj-firefox/dom/bindings/SecureElementBinding.cpp,1
netwerk/protocol/http/HttpBackgroundChannelChild.cpp,4
obj-firefox/dist/include/mozilla/SmallPointerArray.h,1
image/DownscalingFilter.h,4
dom/file/nsHostObjectProtocolHandler.cpp,3
ipc/chromium/src/base/file_path.cc,2
obj-firefox/ipc/ipdl/PWebSocketParent.cpp,3
media/ffvpx/compat/w32pthreads.h,3
xpcom/base/nsISupportsImpl.h,3
obj-firefox/dist/include/nsTSubstring.h,4
gfx/cairo/cairo/src/cairo-image-surface.c,5
uriloader/exthandler/HandlerServiceParent.cpp,1
intl/icu/source/common/uresdata.cpp,20
xpcom/glue/nsTArray.h,15
dom/workers/WorkerScope.cpp,1
mfbt/nsRefPtr.h,1
dom/base/nsIContentInlines.h,1
widget/windows/nsAppShell.cpp,711
gfx/ipc/GPUProcessHost.cpp,5
vs2015u3/VC/include/fstream,1
editor/libeditor/EditorCommands.cpp,3
js/xpconnect/src/XPCWrappedJSClass.cpp,40
js/src/jsobjinlines.h,34
obj-firefox/dist/include/nsTArray-inl.h,119
gfx/layers/wr/WebRenderCompositableHolder.cpp,3
obj-firefox/ipc/ipdl/PGMPVideoDecoderParent.cpp,3
layout/base/PositionedEventTargeting.cpp,3
obj-firefox/dist/include/gfxFontFamilyList.h,4
dom/plugins/ipc/PluginModuleChild.h,1
media/webrtc/trunk/webrtc/modules/rtp_rtcp/source/rtp_rtcp_impl.cc,3
layout/xul/base/src/nsBoxFrame.cpp,1
dom/base/nsDOMTokenList.cpp,10
obj-firefox/ipc/ipdl/PPluginWidgetParent.cpp,1
gfx/skia/skia/src/ports/SkTypeface_win_dw.cpp,20
xpcom/ds/nsTArray-inl.h,5
extensions/spellcheck/hunspell/src/hashmgr.cxx,2
widget/android/jni/Refs.h,4
layout/style/nsStyleTransformMatrix.cpp,63
obj-firefox/dist/include/nsCategoryCache.h,1
dom/storage/DOMStorageCache.cpp,12
dom/base/nsDOMDataChannel.cpp,2
ipc/chromium/src/base/shared_memory_posix.cc,1
xpcom/ds/nsCOMArray.cpp,16
widget/android/fennec/ThumbnailHelper.h,1
js/src/jit/Linker.h,5
nsprpub/pr/src/pthreads/ptthread.c,77
dom/bindings/BindingUtils.h,7
obj-firefox/dom/bindings/SpeechSynthesisBinding.cpp,1
layout/svg/nsSVGIntegrationUtils.cpp,5
dom/geolocation/nsGeolocation.cpp,1
js/src/vm/SharedImmutableStringsCache-inl.h,3
dom/base/nsJSUtils.h,3
layout/style/nsStyleStruct.cpp,34
xpcom/base/nsCycleCollector.cpp,3043
gfx/layers/ipc/CompositorVsyncScheduler.cpp,49
obj-firefox/ipc/ipdl/PBackgroundIDBDatabaseChild.cpp,1
extensions/pref/autoconfig/src/nsAutoConfig.cpp,4
gfx/skia/skia/src/core/SkBitmapProcShader.cpp,2
layout/svg/nsSVGUseFrame.cpp,1
dom/animation/Animation.h,2
clang/include/c++/v1/deque,6
xpcom/threads/nsThreadUtils.h,7466
security/nss/lib/base/arena.c,1
js/src/jit/CacheIR.cpp,42
ipc/chromium/src/base/file_util.cc,1
gfx/harfbuzz/src/hb-ot-shape.cc,4
modules/libpref/Preferences.cpp,41
dom/base/nsJSEnvironment.cpp,718
netwerk/base/nsBufferedStreams.cpp,11
js/src/jit/JitcodeMap.cpp,12
dom/bindings/nsScriptError.cpp,4
js/src/gc/RootMarking.cpp,37
obj-firefox/ipc/ipdl/PAPZChild.cpp,9
obj-firefox/dom/bindings/KeyAlgorithmBinding.cpp,1
docshell/base/nsDSURIContentListener.cpp,8
obj-firefox/dist/include/mozilla/Telemetry.h,1
netwerk/protocol/websocket/WebSocketChannelChild.cpp,1
gfx/layers/Layers.h,9
xpcom/build/nsWindowsDllInterceptor.h,1
gfx/thebes/gfxFontInfoLoader.cpp,23
js/src/jit/SharedIC.cpp,150
gfx/layers/Compositor.h,2
obj-firefox/ipc/ipdl/PParentToChildStreamChild.cpp,1
xpfe/appshell/nsXULWindow.cpp,109
dom/crypto/CryptoKey.cpp,1
gfx/layers/d3d11/CompositorD3D11.cpp,55
gfx/layers/AtomicRefCountedWithFinalize.h,928
security/nss/lib/nss/nssinit.c,18
extensions/spellcheck/src/mozInlineSpellWordUtil.cpp,9
obj-firefox/dist/include/mozilla/dom/AudioParam.h,1
dom/html/nsTextEditorState.cpp,1
accessible/ipc/win/DocAccessibleChild.cpp,15
netwerk/protocol/http/nsHttpHeaderArray.cpp,4
js/src/vm/HelperThreads.cpp,519
layout/base/nsStyleSheetService.cpp,1
modules/brotli/dec/decode.c,2
xpcom/base/nsConsoleService.cpp,3
dom/events/WheelHandlingHelper.cpp,2
parser/html/nsHtml5TreeBuilder.cpp,12
mozglue/misc/Printf.cpp,6
media/libcubeb/src/cubeb.c,33
widget/android/EventDispatcher.cpp,11
gfx/vr/ipc/VRManagerChild.cpp,9
js/src/jit/JitFrameIterator.h,2
js/src/jit/x64/CodeGenerator-x64.cpp,4
toolkit/components/url-classifier/nsUrlClassifierDBService.cpp,12
media/libvpx/vp9/decoder/vp9_decodeframe.c,11
js/src/ds/LifoAlloc.cpp,350
dom/base/Link.cpp,2192
gfx/layers/composite/AsyncCompositionManager.cpp,35
obj-firefox/dom/bindings/EventTargetBinding.cpp,3
obj-firefox/dom/bindings/EventBinding.cpp,6
xpcom/base/nsISupportsImpl.cpp,2
netwerk/sctp/src/user_mbuf.c,2
netwerk/cookie/CookieServiceChild.cpp,27
js/src/jsgc.cpp,4228
media/libjpeg/jdmaster.c,3
toolkit/components/browser/nsWebBrowser.cpp,3
image/imgFrame.h,3
media/libcubeb/src/cubeb_resampler.cpp,6
obj-firefox/dom/bindings/URLBinding.cpp,2
layout/svg/nsFilterInstance.cpp,2
dom/canvas/WebGLVertexArrayGL.cpp,2
js/src/vm/ObjectGroup-inl.h,34
dom/push/PushNotifier.cpp,3
xpfe/appshell/nsChromeTreeOwner.cpp,1
dom/base/nsNameSpaceManager.cpp,7
gfx/skia/skia/src/effects/gradients/SkTwoPointConicalGradient_gpu.cpp,1
dom/html/HTMLLinkElement.cpp,1
obj-firefox/dist/include/nsISupportsUtils.h,2
storage/mozStorageResultSet.cpp,1
dom/xbl/nsXBLDocumentInfo.cpp,1
netwerk/base/nsNetUtilInlines.h,1
gfx/harfbuzz/src/hb-ot-layout-gsub-table.hh,1
ipc/glue/IPCStreamChild.cpp,2
netwerk/protocol/http/nsHttpConnectionMgr.cpp,3199
gfx/vr/VRDisplayClient.cpp,2
js/src/jit/FixedList.h,46
js/src/jit/x64/BaseAssembler-x64.h,4
modules/libjar/nsJAR.cpp,3
dom/plugins/ipc/PluginMessageUtils.h,15
obj-firefox/ipc/ipdl/PMessagePortChild.cpp,1
xpfe/appshell/nsWebShellWindow.cpp,11
tools/profiler/core/shared-libraries-win32.cc,14
js/src/jsinfer.cpp,1
dom/cache/CacheStorage.cpp,2
xpcom/threads/nsProxyRelease.h,4
security/manager/ssl/nsNSSIOLayer.cpp,7
obj-firefox/dist/include/mozilla/GenericRefCounted.h,40
media/libcubeb/src/cubeb_resampler_internal.h,5
dom/events/DOMEventTargetHelper.cpp,17
dom/media/platforms/android/JavaCallbacksSupport.h,5
layout/base/nsStyleChangeList.h,1
parser/html/jArray.h,3
gfx/skia/skia/src/core/SkMallocPixelRef.cpp,28
obj-firefox/ipc/ipdl/PMemoryStreamChild.cpp,2
gfx/skia/skia/src/core/SkChunkAlloc.cpp,2
dom/xhr/XMLHttpRequestMainThread.cpp,39
ipc/chromium/src/chrome/common/ipc_message.h,6
js/public/SliceBudget.h,2
gfx/skia/skia/src/core/SkScan_Antihair.cpp,2
layout/style/ErrorReporter.cpp,5
xpcom/ds/nsTArray.h,932
js/xpconnect/src/xpcprivate.h,27
xpcom/threads/HangMonitor.cpp,57
toolkit/components/satchel/nsFormFillController.cpp,20
dom/base/DOMIntersectionObserver.h,28
ipc/chromium/src/base/logging.h,2
mozglue/misc/TimeStamp.h,4
dom/nfc/gonk/NfcService.cpp,2
obj-firefox/ipc/ipdl/PStorageChild.cpp,6
widget/android/nsAppShell.cpp,2572
js/src/vm/TypeInference.cpp,437
vs2015u3/VC/include/xstring,18
netwerk/dns/GetAddrInfo.cpp,2
security/nss/lib/ssl/sslsock.c,5
dom/html/HTMLDivElement.cpp,4
obj-firefox/ipc/ipdl/PTCPSocketParent.cpp,1
layout/style/CSSStyleSheet.cpp,4116
layout/generic/nsInlineFrame.cpp,29
dom/html/HTMLIFrameElement.cpp,58
toolkit/components/typeaheadfind/nsTypeAheadFind.cpp,2
dom/xul/nsXULElement.cpp,13
js/src/jit/BytecodeAnalysis.cpp,5
nsprpub/lib/libc/src/strcmp.c,1
gfx/layers/opengl/CompositingRenderTargetOGL.cpp,1
dom/storage/DOMStorage.cpp,6
ipc/glue/AsyncChannel.cpp,9
obj-firefox/ipc/ipdl/PLayerTransactionParent.cpp,44
dom/storage/LocalStorage.cpp,4
js/src/gc/Zone.cpp,10
obj-firefox/ipc/ipdl/PURLClassifierChild.cpp,1
obj-firefox/dist/include/mozilla/layers/TextureClient.h,5
dom/storage/DOMStorage.h,5
widget/android/jni/Natives.h,154
js/xpconnect/loader/mozJSLoaderUtils.cpp,3
gfx/skia/skia/src/gpu/GrBufferAllocPool.cpp,1
js/xpconnect/src/XPCModule.cpp,1
dom/base/nsGlobalWindow.cpp,2148
obj-firefox/ipc/ipdl/PCookieService.cpp,6
obj-firefox/x86_64/dist/include/mozilla/Vector.h,2
obj-firefox/ipc/ipdl/NeckoChannelParams.cpp,1
js/ipc/WrapperOwner.cpp,25
js/src/jscompartmentinlines.h,18
js/public/Id.h,4
startupcache/StartupCache.cpp,19
js/src/jit/JitcodeMap.h,8
storage/mozStorageStatement.cpp,9
js/src/gc/FindSCCs.h,2
xpcom/threads/SystemGroup.cpp,1
ipc/glue/IPCStreamSource.cpp,2
obj-firefox/dist/include/js/GCVector.h,1
xpcom/build/ServiceList.h,20
modules/zlib/src/deflate.c,9
mfbt/Assertions.cpp,196
js/src/ds/OrderedHashTable.h,3
layout/svg/nsSVGOuterSVGFrame.cpp,1
mfbt/Assertions.h,11
xpcom/ds/nsDeque.cpp,3
widget/windows/nsClipboard.cpp,3
xpcom/ds/nsAtomTable.cpp,4
js/src/vm/Time.cpp,3
dom/promise/Promise.cpp,73
obj-firefox/ipc/ipdl/PContentChild.cpp,459
xpcom/ds/nsVariant.cpp,3
image/SurfaceCache.cpp,9
obj-firefox/dom/bindings/NamedNodeMapBinding.cpp,14
js/src/jsfun.cpp,224
dom/media/MediaStreamGraph.cpp,56
gfx/cairo/cairo/src/cairo-win32-surface.c,4
nsprpub/pr/src/md/windows/w95cv.c,9
media/libjpeg/jdcoefct.c,1
xpcom/io/nsPipe3.cpp,34
js/src/jit/Lowering.cpp,30
obj-firefox/dist/include/mozilla/gfx/BasePoint3D.h,3
dom/xul/nsXULPrototypeCache.cpp,1
dom/asmjscache/AsmJSCache.cpp,8
dom/html/HTMLFrameElement.cpp,3
image/decoders/nsPNGDecoder.cpp,4
obj-firefox/dist/include/mozilla/layers/ContentClient.h,1
js/public/TracingAPI.h,15
obj-firefox/ipc/ipdl/_ipdlheaders/mozilla/net/PNeckoParent.h,1
toolkit/components/autocomplete/nsAutoCompleteController.cpp,9
media/libjpeg/jdapistd.c,3
gfx/layers/ipc/ImageBridgeChild.cpp,10
media/libstagefright/frameworks/av/media/libstagefright/MetaData.cpp,2
js/src/jsexn.cpp,6
dom/plugins/base/nsNPAPIPluginStreamListener.cpp,6
js/src/jsfriendapi.cpp,11
modules/libjar/zipwriter/nsZipWriter.cpp,3
editor/libeditor/HTMLStyleEditor.cpp,5
dom/xbl/nsXBLEventHandler.cpp,1
obj-firefox/ipc/ipdl/PHttpChannelParent.cpp,11
accessible/base/FocusManager.cpp,2
widget/android/GeckoScreenOrientation.h,1
obj-firefox/dist/include/mozilla/ReflowOutput.h,1
clang/include/c++/v1/exception,1
netwerk/base/nsStreamListenerWrapper.h,2
layout/painting/DisplayListClipState.h,1
js/src/jit/shared/LIR-shared.h,5
obj-firefox/ipc/ipdl/URIParams.cpp,2
widget/windows/WinMouseScrollHandler.cpp,2
dom/base/nsINode.h,9
obj-firefox/dom/bindings/WindowBinding.cpp,61
gfx/layers/wr/WebRenderImageLayer.cpp,2
dom/encoding/EncodingUtils.cpp,1
gfx/skia/skia/src/image/SkSurface.cpp,1
clang/include/c++/v1/memory,3
layout/generic/nsSimplePageSequenceFrame.cpp,1
vs2015u3/VC/include/vector,23
intl/icu/source/i18n/collationroot.cpp,3
obj-firefox/dist/include/mozilla/ipc/CrashReporterHost.h,53831
js/xpconnect/src/XPCJSID.cpp,11
dom/xhr/XMLHttpRequestWorker.cpp,2
netwerk/protocol/http/HttpChannelParentListener.cpp,28
gfx/2d/Matrix.h,4
ipc/chromium/src/base/message_loop.cc,11832
gfx/thebes/gfxPrefs.h,16
xpcom/threads/nsTimerImpl.cpp,56372
widget/android/GeckoEditableSupport.cpp,16
media/libcubeb/src/cubeb_opensl.c,6
dom/base/nsContentList.cpp,26
dom/xul/nsXULPrototypeDocument.cpp,2
layout/base/nsCSSFrameConstructor.h,1
widget/windows/JumpListItem.cpp,1
widget/VsyncDispatcher.h,1
storage/mozStoragePrivateHelpers.cpp,2
dom/html/TimeRanges.cpp,1
js/xpconnect/wrappers/WrapperFactory.cpp,14
gfx/layers/client/ClientContainerLayer.h,21
dom/canvas/WebGLContextDraw.cpp,1
obj-firefox/ipc/ipdl/PCompositorBridgeParent.cpp,149
xpcom/threads/AbstractThread.cpp,69
dom/base/nsFrameMessageManager.cpp,56
gfx/cairo/libpixman/src/pixman.c,1
xpcom/base/nsWeakReference.cpp,2
dom/workers/RuntimeService.cpp,40
gfx/angle/src/libANGLE/Display.cpp,40
netwerk/cache2/CacheFileMetadata.cpp,66
obj-firefox/dist/include/mozilla/GfxMessageUtils.h,3
toolkit/system/osxproxy/ProxyUtils.mm,1
js/src/vm/ArgumentsObject.h,1
js/src/proxy/Wrapper.cpp,63
obj-firefox/ipc/ipdl/PBrowserParent.cpp,524
layout/generic/nsGfxScrollFrame.h,2
dom/gamepad/cocoa/CocoaGamepad.cpp,2
gfx/gl/GLLibraryEGL.h,2
xpcom/io/nsInputStreamTee.cpp,12
gfx/webrender/src/frame_builder.rs,9
gfx/gl/SharedSurface.cpp,7
gfx/gl/GLContextProviderGLX.cpp,8
dom/plugins/ipc/PluginUtilsWin.cpp,8
widget/android/nsAppShell.h,3
dom/media/mediasource/MediaSourceDemuxer.cpp,4
intl/icu/source/i18n/ucol_res.cpp,6
widget/windows/WindowHook.cpp,27
toolkit/components/telemetry/Telemetry.cpp,31
obj-firefox/ipc/ipdl/PRemotePrintJobParent.cpp,24
js/src/vm/ArgumentsObject.cpp,1
js/src/jit/ExecutableAllocator.cpp,98
toolkit/xre/ProfileReset.cpp,9
netwerk/cache2/CacheFileOutputStream.cpp,7
xpcom/io/nsStorageStream.cpp,2
gfx/layers/client/ClientTiledPaintedLayer.cpp,2
dom/gamepad/GamepadMonitoring.cpp,2
xpcom/ds/ArenaAllocator.h,3
netwerk/cache2/CacheStorage.cpp,4
layout/style/StyleSetHandleInlines.h,2
js/src/proxy/BaseProxyHandler.cpp,2
js/src/jscompartment.h,6
security/nss/lib/pki/certificate.c,1
js/src/jsweakmap.h,9
netwerk/base/nsProtocolProxyService.cpp,38
image/VectorImage.cpp,1
gfx/skia/skia/src/gpu/batches/GrAADistanceFieldPathRenderer.cpp,1
netwerk/build/nsNetModule.cpp,30
mfbt/double-conversion/source/fast-dtoa.cc,3
js/xpconnect/src/XPCJSContext.cpp,36
media/libstagefright/binding/ResourceStream.cpp,1
dom/events/NotifyPaintEvent.cpp,2
js/xpconnect/src/XPCWrappedJS.cpp,37
obj-firefox/dist/include/mozilla/ipc/ProtocolUtils.h,3
widget/cocoa/nsCocoaWindow.mm,8
modules/zlib/src/compress.c,1
layout/printing/nsPrintObject.cpp,1390
layout/painting/nsDisplayList.h,12
dom/plugins/base/nsPluginInstanceOwner.cpp,6
js/src/vm/Shape.h,9
security/nss/lib/dev/devslot.c,2
security/manager/ssl/nsSecureBrowserUIImpl.cpp,9
extensions/spellcheck/src/mozSpellCheckerFactory.cpp,7
widget/android/nsWindow.cpp,24
obj-firefox/dist/include/mozilla/dom/ContentBridgeParent.h,1
dom/media/MediaData.h,12
obj-firefox/dist/include/MediaQueue.h,1
netwerk/protocol/http/nsHttpResponseHead.cpp,55
widget/nsNativeTheme.cpp,1
dom/media/webrtc/MediaEngine.h,2
modules/zlib/src/trees.c,5
intl/icu/source/i18n/coll.cpp,7
layout/style/nsComputedDOMStyle.cpp,28
js/src/vm/Xdr.h,3
accessible/base/nsEventShell.cpp,3
netwerk/cookie/nsCookie.cpp,1
intl/icu/source/i18n/olsontz.cpp,5
ipc/glue/Shmem.cpp,2
gfx/layers/composite/ContainerLayerComposite.cpp,489
gfx/skia/skia/src/core/SkScan_AntiPath.cpp,7
layout/style/nsCSSValue.h,3
dom/events/AsyncEventDispatcher.cpp,1
security/nss/lib/freebl/dsa.c,2
dom/media/webm/WebMBufferedParser.cpp,1
accessible/base/NotificationController.cpp,62
obj-firefox/dom/bindings/FileReaderSyncBinding.cpp,4
js/src/vm/GlobalObject.cpp,22
dom/media/gmp/GMPChild.cpp,1018
obj-firefox/ipc/ipdl/PPluginInstanceChild.cpp,210
dom/media/MediaResource.cpp,4
js/src/jit/BaselineFrameInfo.cpp,2
toolkit/components/places/Database.cpp,185
xpcom/base/CycleCollectedJSRuntime.cpp,417
js/src/jit/BacktrackingAllocator.cpp,172
mozglue/misc/Mutex_windows.cpp,12
xpcom/base/nsRefPtr.h,6
security/manager/ssl/nsNSSCertHelper.cpp,4
security/manager/ssl/nsClientAuthRemember.cpp,5
media/libstagefright/frameworks/av/media/libstagefright/MPEG4Extractor.cpp,1
parser/expat/lib/xmltok.c,2
dom/vr/VRDisplay.cpp,585
layout/base/RestyleTracker.h,2
gfx/thebes/gfxFont.h,2
dom/media/MediaResource.h,1
obj-firefox/dist/include/nsINode.h,1
gfx/gl/GLScreenBuffer.cpp,8
dom/html/HTMLMediaElement.cpp,38
security/sandbox/linux/Sandbox.cpp,2
xpcom/reflect/xptcall/md/unix/xptcstubs_arm.cpp,1
js/src/vm/Caches-inl.h,1
security/sandbox/chromium/sandbox/win/src/interceptors_64.cc,34
db/sqlite3/src/sqlite3.c,86
dom/indexedDB/IDBObjectStore.cpp,10
dom/plugins/base/nsPluginHost.cpp,47
obj-firefox/dist/include/mozilla/dom/EventHandlerBinding.h,6
gfx/cairo/cairo/src/cairo-scaled-font.c,3
xpcom/string/nsTextFormatter.cpp,6
dom/media/MediaCache.cpp,6
image/decoders/nsJPEGDecoder.cpp,12
layout/style/nsCSSRules.cpp,14
media/webrtc/trunk/webrtc/modules/video_capture/mac/avfoundation/video_capture_avfoundation_info_objc.mm,1
dom/indexedDB/Key.cpp,2
ipc/chromium/src/base/message_pump_win.cc,598
obj-firefox/dom/bindings/EventHandlerBinding.cpp,6
dom/base/nsDocumentEncoder.cpp,13
layout/generic/TextOverflow.cpp,1
gfx/layers/apz/src/InputQueue.cpp,3
obj-firefox/dist/include/mozilla/ArenaRefPtr.h,1
gfx/thebes/gfxTextRun.cpp,64
devtools/shared/heapsnapshot/CoreDump.pb.cc,7
security/sandbox/chromium/sandbox/win/src/target_process.cc,1
js/src/irregexp/RegExpEngine.cpp,91
dom/ipc/PreallocatedProcessManager.cpp,3
obj-firefox/dist/include/js/Value.h,20
obj-firefox/ipc/ipdl/PVsyncChild.cpp,34
js/src/jit/BaselineCompiler.h,3
security/sandbox/chromium/sandbox/win/src/broker_services.cc,2
netwerk/base/nsURIHashKey.h,3
obj-firefox/ipc/ipdl/PGMPContentParent.cpp,2
gfx/layers/client/TextureClient.cpp,33
parser/html/nsHtml5String.cpp,3
obj-firefox/dist/include/mozilla/ArenaAllocator.h,29
media/webrtc/trunk/webrtc/video/video_send_stream.cc,8
obj-firefox/dom/bindings/NodeBinding.cpp,30
obj-firefox/dist/include/nsTArray.h,179
dom/workers/ServiceWorkerClients.cpp,1
widget/ContentCache.cpp,1
netwerk/sctp/src/netinet/sctp_timer.c,18
vs2015u3/VC/include/xtree,1
hal/cocoa/CocoaBattery.cpp,2
js/src/frontend/BytecodeEmitter.h,1
ipc/chromium/src/chrome/common/ipc_channel_posix.cc,43
dom/ipc/CrashReporterParent.h,1401
build/stlport/stlport/stl/_hashtable.h,2
layout/tables/nsTableWrapperFrame.cpp,3
dom/base/DOMRect.cpp,4
layout/painting/FrameLayerBuilder.h,9
obj-firefox/dist/include/mozilla/gfx/UserData.h,8
js/public/GCAPI.h,1
js/xpconnect/wrappers/AddonWrapper.cpp,2
intl/icu/source/common/uresbund.cpp,41
dom/media/systemservices/CamerasParent.cpp,1
dom/indexedDB/IDBCursor.cpp,9
dom/commandhandler/nsControllerCommandTable.cpp,2
dom/workers/WorkerPrivate.h,1
media/mtransport/third_party/nICEr/src/ice/ice_peer_ctx.c,1
obj-firefox/dist/include/js/HashTable.h,86
layout/generic/nsSubDocumentFrame.cpp,43
js/src/vm/MemoryMetrics.cpp,10
toolkit/crashreporter/breakpad-client/windows/crash_generation/crash_generation_client.cc,1
gfx/skia/skia/include/core/SkCanvas.h,2
dom/base/nsGenericDOMDataNode.h,2
accessible/ipc/DocAccessibleParent.cpp,233
security/manager/ssl/src/SSLServerCertVerification.cpp,6
dom/events/UIEvent.h,1
js/src/jit/Safepoints.cpp,11
dom/media/fmp4/wmf/WMFVideoMFTManager.cpp,2
js/src/gc/Nursery-inl.h,18
layout/painting/DisplayItemClip.h,1
gfx/layers/basic/BasicPaintedLayer.cpp,7
js/src/vm/GeneratorObject.cpp,1
netwerk/protocol/http/NullHttpTransaction.cpp,3
dom/indexeddb/IDBWrapperCache.cpp,1
layout/generic/nsTextFrame.cpp,152
js/src/vm/TypedArrayObject.cpp,4
dom/ipc/ContentParent.cpp,111582
xpcom/threads/CondVar.h,36
toolkit/components/places/SQLFunctions.cpp,1
obj-firefox/ipc/ipdl/PVRLayerChild.cpp,395
netwerk/protocol/http/Http2Session.cpp,4
xpcom/base/nsINIParser.cpp,6
security/nss/lib/ssl/tls13hkdf.c,1
obj-firefox/ipc/ipdl/PCacheStorageParent.cpp,1
content/media/SharedBuffer.h,1
js/src/dtoa.c,4
media/webrtc/signaling/src/jsep/JsepCodecDescription.h,2
dom/base/mozAutoDocUpdate.h,8
toolkit/components/url-classifier/nsUrlClassifierPrefixSet.cpp,3
obj-firefox/ipc/ipdl/PVRManagerParent.cpp,73
dom/html/HTMLSharedObjectElement.cpp,2
gfx/skia/skia/src/ports/SkScalerContext_win_dw.cpp,10
obj-firefox/dom/bindings/GridBinding.cpp,1
security/nss/lib/freebl/loader.c,2
dom/media/MediaDecoderReader.cpp,8
js/src/vm/String.cpp,46
obj-firefox/dom/bindings/DocumentBinding.cpp,2
xpcom/base/nsMemoryReporterManager.cpp,11
layout/style/Loader.cpp,29
security/nss/lib/ssl/sslsecur.c,9
toolkit/components/protobuf/src/google/protobuf/message.cc,1
js/src/vm/String.h,5
obj-firefox/dist/include/gfxFont.h,2
js/src/jit/Linker.cpp,37
layout/base/nsCSSFrameConstructor.cpp,188
toolkit/profile/nsToolkitProfileService.cpp,6
widget/cocoa/nsMenuBarX.mm,10
gfx/ipc/GPUParent.cpp,12
memory/build/replace_malloc.c,776
uriloader/exthandler/nsExternalProtocolHandler.cpp,24
storage/mozStorageAsyncStatementExecution.cpp,11
dom/events/CustomEvent.cpp,2
dom/ipc/ContentParent.h,58
gfx/harfbuzz/src/hb-ot-layout.cc,4
toolkit/components/extensions/ExtensionPolicyService.cpp,184
storage/mozStorageStatementParams.cpp,2
dom/ipc/ProcessHangMonitor.cpp,221
content/events/src/nsDOMMouseEvent.cpp,1
content/media/wmf/WMFByteStream.cpp,1
security/pkix/lib/pkixbuild.cpp,2
netwerk/protocol/websocket/WebSocketChannel.cpp,16
netwerk/cache2/CacheFileIOManager.cpp,12
gfx/layers/composite/CompositableHost.h,24
js/src/jit/CompileInfo.h,1
dom/bindings/CallbackObject.h,1
layout/style/StyleAnimationValue.cpp,1
js/xpconnect/wrappers/XrayWrapper.cpp,34
ipc/glue/ProtocolUtils.cpp,1857
parser/htmlparser/nsScannerString.cpp,1
ipc/chromium/src/base/message_pump_mac.mm,2
docshell/base/nsDefaultURIFixup.cpp,1
android-ndk/sources/cxx-stl/llvm-libc++/libcxx/include/functional,12
extensions/spellcheck/src/mozSpellChecker.cpp,7
accessible/ipc/DocAccessibleParent.h,33
gfx/2d/FilterNodeSoftware.cpp,10
js/public/HeapAPI.h,1
js/src/jshashutil.h,10
obj-firefox/ipc/ipdl/PBackgroundSharedTypes.cpp,1
dom/quota/ActorsParent.cpp,11
security/sandbox/chromium/sandbox/win/src/sharedmem_ipc_client.cc,21
layout/style/nsRuleNode.h,1
gfx/skia/skia/src/core/SkFindAndPlaceGlyph.h,9
dom/xbl/nsXBLPrototypeHandler.cpp,4
gfx/angle/src/libGLESv2/entry_points_egl.cpp,40
js/src/gc/Statistics.cpp,300
gfx/layers/composite/CanvasLayerComposite.cpp,15
tools/profiler/core/ProfileJSONWriter.cpp,1
media/libcubeb/src/cubeb_audiounit.cpp,5
security/manager/ssl/nsSiteSecurityService.cpp,5
obj-firefox/dist/include/GPUVideoImage.h,1
layout/forms/nsListControlFrame.cpp,18
xpcom/reflect/xptcall/md/win32/xptcstubs.cpp,6
js/src/jsnum.cpp,18
docshell/shistory/nsSHistory.cpp,20
dom/html/HTMLAnchorElement.cpp,16
gcc/include/c++/4.9.4/ext/new_allocator.h,1
js/src/vm/TypeInference.h,56
netwerk/base/nsProtocolProxyService.h,10
js/src/vm/UnboxedObject-inl.h,3
dom/base/nsDOMMutationObserver.h,14
editor/composer/nsEditorSpellCheck.cpp,6
netwerk/base/nsUnicharStreamLoader.cpp,2
embedding/components/commandhandler/nsBaseCommandController.cpp,1
obj-firefox/dist/include/mozilla/dom/EventBinding.h,1
dom/gamepad/windows/WindowsGamepad.cpp,3
media/webrtc/signaling/src/media-conduit/VideoConduit.cpp,16
layout/xul/nsSprocketLayout.cpp,8
dom/canvas/WebGLContext.cpp,94
js/public/GCHashTable.h,2
js/xpconnect/src/XPCWrappedNativeJSOps.cpp,1045
gcc/include/c++/4.9.4/functional,1
layout/base/nsBidiPresUtils.cpp,6
security/nss/lib/softoken/pkcs11c.c,10
layout/generic/nsContainerFrame.cpp,111
intl/icu/source/common/unifiedcache.cpp,17
layout/printing/PrintTranslator.cpp,23
content/base/src/nsContentUtils.cpp,1
js/ipc/WrapperAnswer.cpp,1
browser/app/nsBrowserApp.cpp,38
memory/build/jemalloc_config.cpp,969
obj-firefox/dist/include/js/TracingAPI.h,40
xpcom/reflect/xptcall/md/unix/xptcstubs_x86_64_darwin.cpp,1
image/IDecodingTask.cpp,4
toolkit/crashreporter/breakpad-client/windows/handler/exception_handler.cc,91161
widget/windows/nsWidgetFactory.cpp,1
layout/generic/nsBlockFrame.cpp,373
security/nss/lib/ckfw/sessobj.c,1
layout/ipc/VsyncParent.cpp,2
obj-firefox/ipc/ipdl/PChildToParentStreamParent.cpp,1
media/webrtc/trunk/webrtc/video/vie_channel.cc,2
gfx/thebes/VsyncSource.cpp,7
dom/events/EventListenerManager.cpp,194
gfx/2d/SourceSurfaceSkia.cpp,1
extensions/spellcheck/hunspell/glue/mozHunspell.cpp,5
gfx/layers/protobuf/LayerScopePacket.pb.cc,5
media/libyuv/libyuv/source/rotate.cc,3
js/src/jsfuninlines.h,6
netwerk/cache2/CacheFile.cpp,15
layout/generic/nsContainerFrame.h,2
dom/base/nsWindowRoot.cpp,4
uriloader/exthandler/android/nsMIMEInfoAndroid.cpp,22
layout/generic/nsLineBox.h,2
ipc/chromium/src/base/observer_list.h,2
js/src/jit/EdgeCaseAnalysis.cpp,1
gfx/layers/composite/LayerManagerComposite.h,27
dom/media/AudioStream.cpp,41
widget/WindowSurfaceX11SHM.cpp,1
security/nss/lib/pk11wrap/pk11slot.c,3
js/src/vm/EnvironmentObject.cpp,5
xpcom/threads/Mutex.h,1
gfx/skia/skia/src/core/SkEdgeBuilder.cpp,2
vs2015u3/VC/include/iosfwd,8
obj-firefox/dist/include/mozilla/TaskDispatcher.h,732
js/xpconnect/src/xpcObjectHelper.h,3
dom/events/DataTransfer.cpp,4
js/src/jsstr.cpp,39
ipc/chromium/src/base/logging.cc,1
obj-firefox/ipc/ipdl/PCacheOpChild.cpp,1
obj-firefox/dist/include/google/protobuf/repeated_field.h,2
dom/ipc/URLClassifierChild.cpp,1
security/sandbox/chromium-shim/sandbox/win/permissionsService.cpp,6
gfx/webrender/src/texture_cache.rs,71
nsprpub/pr/src/misc/prerrortable.c,1
xpcom/build/IOInterposer.cpp,8
dom/media/MediaFormatReader.cpp,3066
obj-firefox/dist/include/js/GCHashTable.h,33
widget/nsBaseAppShell.cpp,1845
netwerk/base/nsSerializationHelper.cpp,6
widget/windows/nsWindow.cpp,219
netwerk/protocol/http/HttpChannelChild.cpp,189
dom/media/gmp/GMPContentChild.cpp,4
gfx/skia/skia/src/core/SkRasterClipStack.h,16
js/src/jit/x64/MacroAssembler-x64.cpp,8
js/src/vm/SavedStacks.h,1
obj-firefox/ipc/ipdl/PBrowser.cpp,10
ipc/glue/MessageChannel.h,13
media/webrtc/signaling/src/peerconnection/PeerConnectionImpl.cpp,18
gfx/layers/ipc/APZCTreeManagerChild.cpp,2
media/libvpx/vp9/common/vp9_thread.c,3
gfx/angle/src/libANGLE/renderer/d3d/d3d11/renderer11_utils.cpp,5
layout/style/nsCSSRuleProcessor.cpp,422
gfx/vr/VRManager.cpp,201
obj-firefox/ipc/ipdl/LayersMessages.cpp,1
obj-firefox/dist/include/mozilla/dom/EventListenerBinding.h,9
dom/base/nsDocument.cpp,3740
gfx/layers/client/ClientLayerManager.h,5
obj-firefox/dist/include/nsProxyRelease.h,1
dom/events/Event.cpp,46
dom/script/ScriptLoadHandler.cpp,13
js/src/irregexp/NativeRegExpMacroAssembler.cpp,5
obj-firefox/dist/include/nsStyleStructList.h,12
extensions/cookie/nsPermissionManager.cpp,96
vs2015u3/VC/include/xmemory0,10
xpcom/io/nsSegmentedBuffer.cpp,10
js/src/jit/x86-shared/MacroAssembler-x86-shared-inl.h,1
gfx/layers/ipc/LayerTransactionParent.cpp,12
security/nss/lib/util/secport.c,1
gfx/src/FilterSupport.cpp,7
other-licenses/nsis/Contrib/CityHash/cityhash/city.cpp,1
tools/profiler/public/GeckoProfilerImpl.h,1
toolkit/components/startup/nsAppStartup.cpp,721
layout/style/CSSVariableValues.cpp,1
accessible/base/nsAccessibilityService.cpp,48
gfx/skia/skia/src/gpu/GrDrawingManager.h,6
js/src/gc/StoreBuffer.cpp,1
xpcom/ds/nsObserverList.cpp,338
layout/generic/nsTextRunTransformations.h,1
js/src/jit/AliasAnalysis.cpp,1
ipc/glue/InputStreamUtils.cpp,26
obj-firefox/ipc/ipdl/_ipdlheaders/mozilla/gfx/GraphicsMessages.h,2
dom/media/platforms/wrappers/MediaDataDecoderProxy.cpp,1
js/src/gc/Zone.h,14
layout/base/nsFrameManager.cpp,5
netwerk/protocol/http/nsCORSListenerProxy.cpp,2
dom/media/webspeech/synth/SpeechSynthesis.cpp,1
js/src/frontend/TokenStream.h,1
ipc/chromium/src/third_party/libevent/http.c,2
accessible/base/EventQueue.cpp,2
extensions/spellcheck/src/mozInlineSpellChecker.cpp,5
widget/nsBaseWidget.cpp,245
accessible/generic/DocAccessible-inl.h,12
layout/generic/nsLineBox.cpp,89
security/manager/ssl/nsSSLSocketProvider.cpp,1
editor/libeditor/nsHTMLEditRules.cpp,3
xpcom/build/XPCOMInit.cpp,583
gfx/cairo/cairo/src/cairo-quartz-font.c,4
xpcom/string/nsTDependentSubstring.cpp,1
tools/profiler/core/ThreadInfo.cpp,5
gfx/angle/src/libANGLE/renderer/d3d/d3d11/copyvertex.inl,10
toolkit/components/extensions/MatchPattern.cpp,168
media/webrtc/trunk/webrtc/video_engine/vie_frame_provider_base.cc,1
netwerk/base/nsSimpleURI.cpp,1
gfx/2d/SourceSurfaceRawData.cpp,1
netwerk/base/nsStreamListenerTee.cpp,11
dom/media/MediaFormatReader.h,2
layout/tables/nsTableCellFrame.cpp,1
netwerk/cache/nsApplicationCacheService.cpp,1
gfx/skia/skia/src/gpu/batches/GrVertexBatch.cpp,1
widget/android/jni/Accessors.h,3264
gfx/skia/skia/src/core/SkDraw.h,5
xpcom/ds/Observer.h,1
netwerk/cookie/nsCookieService.cpp,4
dom/media/platforms/agnostic/gmp/GMPVideoDecoder.cpp,2
layout/base/FrameProperties.cpp,1
media/mtransport/third_party/nICEr/src/ice/ice_component.c,1
widget/windows/nsNativeThemeWin.cpp,1
obj-firefox/dist/include/mozilla/EventNameList.h,1
dom/base/PostMessageEvent.cpp,66
ipc/chromium/src/third_party/libevent/evutil.c,1
gfx/skia/skia/src/core/SkScan.cpp,1
dom/xml/nsXMLContentSink.cpp,8
js/xpconnect/loader/mozJSComponentLoader.cpp,22
intl/icu/source/common/ucurr.cpp,12
widget/windows/WinCompositorWidget.cpp,2
gfx/gl/GLContext.h,9
obj-firefox/dist/include/nsExpirationTracker.h,2
layout/style/nsStyleSet.cpp,167
caps/BasePrincipal.cpp,4
dom/plugins/ipc/D3D11SurfaceHolder.cpp,1
dom/base/nsPIDOMWindowInlines.h,2
obj-firefox/dom/bindings/XULElementBinding.cpp,3
dom/media/AudioConverter.cpp,1
obj-firefox/ipc/ipdl/PVRManagerChild.cpp,9
ipc/chromium/src/base/scoped_cftyperef.h,2
js/src/jit/arm/MacroAssembler-arm.h,1
nsprpub/pr/src/threads/combined/pruthr.c,4058
widget/android/AndroidBridge.cpp,20
embedding/components/webbrowserpersist/WebBrowserPersistLocalDocument.cpp,1
dom/storage/StorageIPC.cpp,1
gcc/include/c++/4.9.4/bits/deque.tcc,1
dom/base/nsHistory.cpp,2
security/sandbox/chromium/sandbox/win/src/sandbox_policy_base.cc,4
gfx/2d/QuartzSupport.mm,2
xpcom/reflect/xptcall/md/unix/xptcinvoke_arm.cpp,41
media/ffvpx/libavutil/frame.c,4
dom/media/webaudio/blink/PeriodicWave.cpp,2
netwerk/protocol/http/nsHttpTransaction.cpp,16
obj-firefox/dist/include/gfxTextRun.h,1
layout/generic/nsFrame.cpp,262
obj-firefox/dist/include/js/StructuredClone.h,12
dom/ipc/URLClassifierParent.cpp,1
obj-firefox/dom/bindings/VRDisplayBinding.cpp,427
xpcom/base/StaticPtr.h,1
js/src/vm/Compression.cpp,13
obj-firefox/dist/include/nsIContent.h,2
js/src/jsinterpinlines.h,1
dom/media/webaudio/AudioParam.cpp,1
dom/ipc/ContentBridgeParent.cpp,1
layout/style/nsCSSDataBlock.cpp,1
dom/media/mediasink/MediaSink.h,1
netwerk/protocol/wyciwyg/nsWyciwygProtocolHandler.cpp,1
clang/include/c++/v1/string,11
js/src/jit/arm/Assembler-arm.cpp,7
gfx/gl/GLContextProviderWGL.cpp,21
dom/file/ipc/Blob.cpp,8
js/src/jit/x86-shared/MacroAssembler-x86-shared.cpp,7
xpcom/io/FileUtilsWin.cpp,10
gfx/thebes/gfxFont.cpp,38
js/src/jsiter.cpp,73
js/src/jit/InstructionReordering.cpp,2
obj-firefox/dist/include/mozilla/MathAlgorithms.h,8
dom/base/nsRange.cpp,6
gfx/thebes/gfxFontEntry.h,1
security/nss/lib/softoken/pkcs11u.c,7
js/src/jit/x64/SharedICHelpers-x64.h,5
image/Decoder.cpp,12
dom/media/ipc/VideoDecoderManagerParent.cpp,1
tools/profiler/core/platform-macos.cpp,2
js/src/jscntxt.cpp,103
toolkit/components/places/History.cpp,1
layout/tables/nsTableFrame.cpp,160
devtools/shared/heapsnapshot/HeapSnapshot.cpp,16
layout/xul/nsStackLayout.cpp,1
gfx/webrender_bindings/RenderThread.cpp,203
xpcom/threads/TimerThread.cpp,56238
js/ipc/JavaScriptBase.h,13
dom/base/StructuredCloneHolder.cpp,22
layout/style/nsStyleCoord.h,1
tools/profiler/core/ProfileBufferEntry.cpp,2
gfx/layers/wr/WebRenderLayerManager.cpp,318
media/mtransport/runnable_utils.h,2
gfx/skia/skia/src/gpu/GrDrawingManager.cpp,5
gcc/include/c++/4.9.4/bits/stl_tree.h,2
layout/style/FontFaceSet.cpp,8
js/xpconnect/src/Sandbox.cpp,10
media/libcubeb/src/cubeb_wasapi.cpp,191
ipc/chromium/src/base/histogram.cc,9
gfx/gl/SkiaGLGlue.cpp,2
image/DecodePool.cpp,1
intl/icu/source/i18n/numfmt.cpp,31
ipc/chromium/src/base/time.h,2
gfx/layers/apz/src/AndroidDynamicToolbarAnimator.cpp,4
netwerk/protocol/http/nsHttpHandler.cpp,9
js/src/jit/shared/CodeGenerator-shared.cpp,43
obj-firefox/dist/include/nsIAtom.h,8
security/sandbox/mac/Sandbox.mm,2
widget/windows/nsDataObj.cpp,3
js/src/jit/LinearScan.cpp,2
image/Decoder.h,2
gfx/angle/src/libANGLE/renderer/d3d/d3d11/Renderer11.cpp,26
browser/components/migration/nsIEHistoryEnumerator.cpp,1
obj-firefox/dist/include/nsTHashtable.h,22
dom/base/nsDOMClassInfo.cpp,1
dom/ipc/ContentProcess.cpp,11
gfx/layers/basic/BasicCanvasLayer.cpp,4
intl/uconv/nsNCRFallbackEncoderWrapper.cpp,1
dom/base/nsCopySupport.cpp,2
layout/xul/nsMenuFrame.cpp,1
js/src/jit/x86/CodeGenerator-x86.cpp,3
gfx/vr/ipc/VRLayerParent.cpp,194
nsprpub/pr/src/misc/prnetdb.c,2
gfx/webrender_bindings/src/bindings.rs,219
dom/base/NodeInfo.cpp,4
obj-firefox/dist/include/mozilla/EventListenerManager.h,1
ipc/chromium/src/base/tuple.h,16
dom/webbrowserpersist/nsWebBrowserPersist.cpp,3
js/src/vm/RegExpStatics.cpp,1
gfx/cairo/cairo/src/cairo-matrix.c,1
gfx/skia/skia/src/core/SkBitmapDevice.cpp,30
js/src/jsapi.cpp,478
obj-firefox/dom/bindings/HTMLImageElementBinding.cpp,1
netwerk/sctp/src/netinet/sctp_output.c,8
netwerk/cache2/CacheFileUtils.cpp,2
xpcom/string/nsTString.h,3
gfx/layers/wr/WebRenderBridgeChild.cpp,1
js/src/frontend/BytecodeEmitter.cpp,74
dom/workers/ServiceWorkerClient.cpp,3
js/src/jit/x86-shared/Assembler-x86-shared.cpp,2
layout/base/nsPresContext.h,6
layout/base/AccessibleCaretManager.cpp,32
security/nss/lib/ssl/ssl3gthr.c,2
media/libav/libavcodec/avfft.c,1
editor/libeditor/DeleteNodeTransaction.cpp,1
obj-firefox/ipc/ipdl/PContentParent.cpp,1168
gfx/src/nsRegion.h,1
js/src/vm/Shape-inl.h,6
gfx/2d/InlineTranslator.cpp,1
accessible/mac/mozAccessible.mm,2
mfbt/LinkedList.h,7
dom/bindings/WebIDLGlobalNameHash.cpp,1
obj-firefox/ipc/ipdl/PChildToParentStreamChild.cpp,2
netwerk/cache2/CacheFileChunk.cpp,16
layout/build/nsLayoutModule.cpp,9
dom/base/WebSocket.cpp,5
toolkit/components/jsdownloads/src/DownloadPlatform.cpp,3
dom/canvas/WebGLObjectModel.h,1
js/src/jit/x64/MacroAssembler-x64.h,7
obj-firefox/dist/include/mozilla/net/HttpBaseChannel.h,2
gfx/angle/src/libGLESv2/entry_points_gles_2_0.cpp,13
dom/indexedDB/ScriptErrorHelper.cpp,3
obj-firefox/dist/include/js/Id.h,24
gfx/layers/composite/TextureHost.h,793
dom/animation/AnimationEffectReadOnly.cpp,9
js/src/jit/x86-shared/Assembler-x86-shared.h,6
widget/gtk/nsWindow.cpp,7
netwerk/protocol/viewsource/nsViewSourceChannel.cpp,1
dom/xul/XULDocument.cpp,6
netwerk/protocol/http/nsHttpPipeline.cpp,1
obj-firefox/dist/include/GeckoProfiler.h,1
js/src/jit/IonIC.cpp,20
xpcom/glue/CondVar.h,2
gfx/skia/skia/src/image/SkImage_Gpu.cpp,2
uriloader/prefetch/nsPrefetchService.cpp,5
xpcom/components/GenericFactory.cpp,1
js/src/jit/LIR.cpp,17
mozglue/android/jni-stubs.inc,14
netwerk/base/nsAsyncRedirectVerifyHelper.cpp,777
netwerk/cache2/CacheIndex.h,2
toolkit/xre/nsXREDirProvider.cpp,6
gfx/skia/skia/src/image/SkSurface_Base.h,11
layout/base/nsRefreshDriver.cpp,869
dom/plugins/ipc/hangui/MiniShmBase.h,23
widget/nsIWidget.h,7
js/src/jit/Bailouts.cpp,14
dom/workers/ServiceWorkerEvents.cpp,16
dom/media/ipc/VideoDecoderChild.cpp,8
gfx/cairo/libpixman/src/pixman-bits-image.c,4
dom/base/nsXMLHttpRequest.h,3
js/src/jsscript.h,23
ipc/chromium/src/third_party/libevent/buffer.c,1
netwerk/base/nsStandardURL.cpp,17
gfx/angle/src/libANGLE/renderer/d3d/RendererD3D.cpp,1
netwerk/base/nsNetUtil.h,5
js/src/vm/Shape.cpp,68
intl/uconv/nsUTF8ToUnicode.cpp,1
gfx/ipc/GPUProcessImpl.cpp,3
xpcom/base/nsAutoPtr.h,1
toolkit/components/url-classifier/nsUrlClassifierStreamUpdater.cpp,8
obj-firefox/ipc/ipdl/PBackgroundParent.cpp,1
dom/cache/CacheOpParent.cpp,2
gfx/layers/basic/BasicImageLayer.cpp,1
js/src/jit/shared/Lowering-shared-inl.h,1
gfx/webrender/src/device.rs,4
obj-firefox/dom/bindings/FunctionBinding.cpp,15
security/manager/ssl/RootHashes.inc,1
gfx/2d/DrawEventRecorder.cpp,1
storage/TelemetryVFS.cpp,6
obj-firefox/dist/include/nsRegion.h,2
media/libvpx/vp9/decoder/vp9_decodemv.c,3
accessible/generic/HyperTextAccessible.cpp,1
gfx/2d/DrawTargetSkia.cpp,58
obj-firefox/ipc/ipdl/PChromiumCDMParent.cpp,4
nsprpub/pr/src/md/windows/w95thred.c,3941
dom/cache/Context.cpp,3
intl/icu/source/i18n/dcfmtsym.cpp,18
gfx/cairo/cairo/src/cairo-xlib-surface.c,9
xpcom/base/nsCOMPtr.h,129
dom/network/UDPSocketParent.cpp,2
gfx/ipc/GPUProcessManager.cpp,6
layout/printing/nsPagePrintTimer.cpp,1
netwerk/sctp/datachannel/DataChannel.cpp,6
gfx/webrender_bindings/RendererOGL.cpp,227
security/certverifier/CTObjectsExtractor.cpp,1
security/certverifier/NSSCertDBTrustDomain.cpp,3
image/ImageURL.h,1
netwerk/protocol/http/Http2Stream.cpp,2
toolkit/components/downloads/nsDownloadManager.cpp,2
xpcom/glue/nsCycleCollectionParticipant.cpp,4
gfx/cairo/cairo/src/cairo-win32-font.c,1
dom/base/nsImageLoadingContent.cpp,9
obj-firefox/dist/include/mozilla/dom/MutationObserverBinding.h,1
gfx/angle/src/libANGLE/renderer/d3d/d3d11/Fence11.cpp,1
obj-firefox/ipc/ipdl/PBackgroundIndexedDBUtilsParent.cpp,2
gfx/harfbuzz/src/hb-shape.cc,2
gfx/layers/d3d11/TextureD3D11.h,1
gfx/skia/skia/include/core/SkRefCnt.h,2
obj-firefox/dist/include/mozilla/MozPromise.h,725
gfx/2d/FilterNodeD2D1.cpp,2
gfx/angle/src/libANGLE/Fence.cpp,1
dom/plugins/ipc/MiniShmParent.cpp,15
obj-firefox/ipc/ipdl/PGMPChild.cpp,488
media/libjpeg/jdhuff.c,2
obj-firefox/x86_64/ipc/ipdl/PPluginModuleChild.cpp,1
xpcom/glue/nsTArray.cpp,1
parser/html/nsHtml5StringParser.cpp,14
xpcom/io/nsUnicharInputStream.cpp,2
obj-firefox/dist/include/mozilla/UniquePtrExtensions.h,17
gfx/thebes/gfxHarfBuzzShaper.cpp,2
dom/html/HTMLInputElement.cpp,10
obj-firefox/dist/include/mozilla/net/PHttpChannelParams.h,1
obj-firefox/dist/include/jswrapper.h,3
dom/xbl/nsXBLBinding.cpp,15
layout/xul/nsImageBoxFrame.cpp,6
layout/generic/nsIFrame.h,6
gfx/config/gfxVars.cpp,1
obj-firefox/dist/include/mozilla/layers/CompositableClient.h,2
dom/media/MediaData.cpp,4
js/src/ds/LifoAlloc.h,3
layout/svg/nsSVGClipPathFrame.cpp,4
media/webrtc/signaling/src/media-conduit/MediaConduitInterface.h,3
obj-firefox/dist/include/js/Class.h,1
embedding/components/commandhandler/nsControllerCommandTable.cpp,1
js/src/jit/MIRGenerator.h,1
gfx/cairo/libpixman/src/pixman-region.c,15
js/src/jsdtoa.cpp,1
dom/plugins/ipc/BrowserStreamChild.cpp,2
dom/indexeddb/IDBFactory.cpp,10
gfx/layers/client/CompositableClient.cpp,1
layout/generic/nsBlockReflowContext.cpp,11
dom/base/nsWrapperCache.cpp,1
parser/html/nsHtml5OwningUTF16Buffer.cpp,1
xpcom/glue/nsCOMArray.cpp,11
obj-firefox/dist/include/mozilla/RefCounted.h,4
js/src/vm/GeckoProfiler.cpp,1
obj-firefox/dist/include/mozilla/ipc/Transport_win.h,2
dom/base/nsJSEnvironment.h,1
gfx/layers/ipc/UiCompositorControllerParent.cpp,59
obj-firefox/ipc/ipdl/PDocAccessible.cpp,5
dom/base/nsContentUtils.h,1
obj-firefox/dist/include/mozilla/dom/HTMLButtonElementBinding.h,1
gfx/angle/src/common/angleutils.h,1
js/src/builtin/MapObject.cpp,4
obj-firefox/dist/include/mozilla/gfx/BaseRect.h,2
ipc/chromium/src/base/message_pump_glib.h,1
js/src/wasm/WasmIonCompile.cpp,2
dom/media/platforms/ffmpeg/FFmpegVideoDecoder.cpp,9
dom/events/EventDispatcher.cpp,5940
obj-firefox/dom/bindings/ElementBinding.cpp,57
dom/workers/ServiceWorkerJobQueue.cpp,3
security/certverifier/CertVerifier.cpp,1
js/xpconnect/src/XPCInlines.h,1
netwerk/protocol/http/HttpBaseChannel.h,9
obj-firefox/dom/bindings/HTMLCanvasElementBinding.cpp,9
dom/base/ScriptSettings.cpp,29
xpcom/glue/nsCOMPtr.cpp,17
dom/storage/StorageUtils.cpp,103
obj-firefox/ipc/ipdl/PExternalHelperAppParent.cpp,1
dom/media/platforms/wmf/WMFMediaDataDecoder.cpp,37
uriloader/exthandler/ContentHandlerService.cpp,1
dom/notification/Notification.cpp,9
uriloader/base/nsURILoader.cpp,29
xpcom/reflect/xptcall/md/win32/xptcstubs_asm_x86_64.asm,7
layout/generic/ViewportFrame.cpp,3
parser/htmlparser/nsScanner.cpp,1
security/manager/boot/src/RootCertificateTelemetryUtils.cpp,6
netwerk/base/nsSocketTransportService2.cpp,173
mozglue/build/WindowsDllBlocklist.cpp,353
gfx/layers/client/TextureClientRecycleAllocator.cpp,4
dom/base/nsAttrAndChildArray.cpp,10
obj-firefox/dist/include/mozilla/gfx/Matrix.h,4
gfx/gl/GLBlitHelper.cpp,2
media/omx-plugin/OmxPlugin.cpp,9
dom/base/nsCCUncollectableMarker.cpp,10
widget/android/fennec/Telemetry.h,141
obj-firefox/dom/bindings/XMLHttpRequestBinding.cpp,16
media/libyuv/libyuv/source/scale_common.cc,3
js/src/vm/DateTime.cpp,3
obj-firefox/dist/include/mozilla/layers/AtomicRefCountedWithFinalize.h,3
xpcom/reflect/xptinfo/xptiInterfaceInfo.cpp,1
js/src/jit/Label.h,1
js/src/builtin/WeakMapObject.cpp,1
netwerk/cache2/CacheStorageService.cpp,1
memory/build/jemalloc_config.c,3
dom/base/nsObjectLoadingContent.cpp,126
obj-firefox/ipc/ipdl/_ipdlheaders/mozilla/gfx/PGPU.h,22
js/src/vm/String-inl.h,1
js/src/frontend/BytecodeCompiler.cpp,12
obj-firefox/dist/include/mozilla/TimeStamp.h,7
gfx/gl/GLContext.cpp,9
tools/profiler/core/ProfileJSONWriter.h,1
js/src/gc/Tracer.cpp,64
widget/windows/WinIMEHandler.cpp,30
obj-firefox/x86_64/ipc/ipdl/PPluginInstanceChild.cpp,1
dom/xbl/nsBindingManager.cpp,1
dom/media/platforms/wmf/DXVA2Manager.cpp,15
nsprpub/pr/src/pthreads/ptsynch.c,8
security/sandbox/chromium/sandbox/win/src/filesystem_dispatcher.cc,1
media/libstagefright/binding/AnnexB.cpp,1
layout/generic/nsCanvasFrame.cpp,1
security/nss/lib/ssl/sslnonce.c,2
layout/generic/nsImageFrame.cpp,9
memory/volatile/VolatileBufferWindows.cpp,1
gfx/skia/trunk/src/gpu/GrInOrderDrawBuffer.cpp,1
js/xpconnect/src/nsXPConnect.cpp,112
gfx/layers/composite/TextureHost.cpp,239
parser/html/nsHtml5DocumentBuilder.cpp,1
js/src/proxy/DirectProxyHandler.cpp,7
widget/nsBaseClipboard.cpp,1
media/mtransport/third_party/nICEr/src/stun/addrs.c,1
dom/base/nsTextFragment.h,1
obj-firefox/x86_64/ipc/ipdl/PContentChild.cpp,1
layout/printing/nsPrintEngine.cpp,4194
dom/workers/WorkerRunnable.cpp,75
js/src/vm/GlobalObject.h,1
layout/forms/nsComboboxControlFrame.cpp,27
dom/media/AudioSegment.cpp,2
widget/gonk/GeckoTouchDispatcher.cpp,1
obj-firefox/dist/include/nsIPrincipal.h,2
toolkit/components/find/nsFind.h,1
media/webrtc/trunk/webrtc/modules/video_capture/mac/avfoundation/video_capture_avfoundation_info.mm,1
obj-firefox/dom/bindings/FontFaceSetBinding.cpp,2
xpcom/string/nsReadableUtils.cpp,12
dom/html/HTMLSharedElement.cpp,4
js/src/vm/ProxyObject.cpp,5
js/src/vm/ErrorObject.cpp,1
layout/style/nsMediaFeatures.cpp,21
js/src/jit/ValueNumbering.cpp,15
gfx/angle/src/libANGLE/renderer/d3d/DisplayD3D.cpp,4
gfx/2d/Blur.cpp,3
dom/media/AudioMixer.h,2
js/src/vm/StringBuffer.h,4
gfx/thebes/SoftwareVsyncSource.cpp,3
layout/base/nsPresArena.cpp,12
layout/style/nsRuleWalker.h,5
modules/libpref/nsPrefsFactory.cpp,10
netwerk/protocol/http/nsHttpChannel.cpp,2027
editor/libeditor/EditorBase.cpp,2
nsprpub/pr/src/io/prmmap.c,5
js/src/jsgc.h,3
dom/media/MediaDecoderStateMachine.cpp,19
obj-firefox/dist/include/mozilla/HashFunctions.h,8
memory/mozalloc/mozalloc_abort.cpp,1740
layout/style/Declaration.cpp,14
dom/base/nsGlobalWindow.h,1
accessible/ipc/win/ProxyAccessible.cpp,13
dom/base/Element.cpp,322
obj-firefox/dom/bindings/AudioParamBinding.cpp,1
image/src/imgRequest.cpp,3
gfx/layers/ipc/CompositorBridgeChild.cpp,43
chrome/nsChromeProtocolHandler.cpp,1
netwerk/ipc/NeckoParent.cpp,20
storage/mozStorageConnection.cpp,14
obj-firefox/dist/include/mozilla/Variant.h,1
layout/generic/nsQueryFrame.h,1
xpcom/ds/nsExpirationTracker.h,7
gfx/ipc/CompositorWidgetVsyncObserver.cpp,5
dom/base/nsDOMMutationObserver.cpp,4
js/src/jit/BaselineFrameInfo.h,3
obj-firefox/ipc/ipdl/PWebRenderBridgeParent.cpp,20
netwerk/protocol/wyciwyg/nsWyciwygChannel.cpp,3
gfx/skia/skia/src/core/SkUtils.cpp,2
layout/style/GroupRule.cpp,1
gfx/skia/skia/src/gpu/ops/GrSmallPathRenderer.cpp,5
js/public/Class.h,16
dom/workers/ServiceWorkerScriptCache.cpp,142
js/src/gc/Statistics.h,2
ipc/chromium/src/base/platform_thread_win.cc,28
parser/html/nsHtml5StreamParserPtr.h,90
layout/xul/nsBoxFrame.cpp,10
obj-firefox/ipc/ipdl/PUiCompositorControllerChild.cpp,10
xpcom/threads/nsProxyRelease.cpp,3
media/webrtc/trunk/webrtc/base/checks.cc,6
js/src/vm/Printer.cpp,1
dom/media/platforms/agnostic/BlankDecoderModule.cpp,8
layout/base/nsLayoutUtils.cpp,222
layout/style/StyleContextSource.h,1
js/src/jscntxtinlines.h,132
nsprpub/lib/ds/plarena.c,1
xpcom/build/FileLocation.cpp,4
js/src/vm/EnvironmentObject.h,1
dom/media/webspeech/synth/test/nsFakeSynthServices.cpp,8
js/src/vm/Stack.cpp,9
widget/windows/TSFTextStore.cpp,35
security/nss/lib/pki/pki3hack.c,1
modules/libjar/nsJARURI.cpp,5
toolkit/components/telemetry/ipc/TelemetryIPCAccumulator.cpp,70
obj-firefox/dist/include/mozilla/layers/LayerManagerComposite.h,210
security/manager/ssl/CryptoTask.cpp,5
media/libjpeg/jdmainct.c,1
security/sandbox/chromium/sandbox/win/src/win_utils.cc,1
js/src/jsscript.cpp,393
mozglue/misc/TimeStamp_windows.cpp,13
gfx/2d/Factory.cpp,28
layout/style/StyleRule.cpp,51
media/libstagefright/binding/Index.cpp,1
dom/media/MP3Demuxer.cpp,3
js/src/vm/ObjectGroup.cpp,14
dom/base/IdleRequest.cpp,14
modules/libpref/prefapi.cpp,7
xpcom/threads/nsTimerImpl.h,1
chrome/nsChromeRegistryChrome.cpp,21
gfx/skia/skia/src/gpu/GrDrawContext.cpp,1
media/webrtc/signaling/src/peerconnection/PeerConnectionMedia.cpp,7
obj-firefox/ipc/ipdl/PUiCompositorController.cpp,4
js/src/gc/Barrier.h,19
gfx/layers/composite/ContentHost.cpp,5
js/src/jit/CacheIR.h,1
js/src/jit/x86-shared/CodeGenerator-x86-shared.h,1
dom/ipc/ContentChild.cpp,404
gfx/config/gfxConfig.cpp,1
dom/network/TCPSocketChild.cpp,2
dom/bindings/CallbackObject.cpp,60
dom/base/nsContentPermissionHelper.cpp,3
ipc/glue/MessagePump.cpp,25704
intl/icu/source/i18n/ucal.cpp,3
js/src/jit/CodeGenerator.cpp,119
obj-firefox/dist/include/mozilla/dom/ToJSValue.h,2
layout/generic/nsSelection.cpp,5
xpcom/io/nsLocalFileUnix.cpp,1
widget/android/AndroidJNI.cpp,14
modules/libjar/nsJARChannel.cpp,15
xpcom/string/nsSubstring.cpp,16
js/xpconnect/src/ExportHelpers.cpp,4
security/nss/lib/ssl/ssl3con.c,8
gfx/layers/ipc/CompositorBridgeParent.cpp,189
media/webrtc/signaling/src/media-conduit/WebrtcGmpVideoCodec.h,1
security/sandbox/chromium/sandbox/win/src/interception.cc,6
gfx/skia/skia/src/core/SkScan_AAAPath.cpp,47
xpcom/threads/SchedulerGroup.cpp,230
media/mtransport/third_party/nICEr/src/ice/ice_ctx.c,1
ipc/chromium/src/base/message_pump_default.cc,48
toolkit/components/printingui/win/nsPrintProgress.cpp,4
netwerk/base/ProxyAutoConfig.cpp,1
obj-firefox/layout/style/nsStyleStructList.h,12
layout/base/FramePropertyTable.h,3
layout/xul/nsMenuPopupFrame.cpp,5
js/src/jit/MIRGraph.cpp,159
dom/cache/Manager.cpp,9
gfx/skia/skia/src/core/SkRasterClip.cpp,16
js/src/gc/Heap.h,26
xpcom/ds/nsTHashtable.h,8
js/src/jit/shared/Lowering-shared.cpp,16
obj-firefox/dom/bindings/WebExtensionContentScriptBinding.cpp,3
gfx/src/nsFontMetrics.cpp,13
gfx/cairo/cairo/src/cairo-pattern.c,1
xpcom/threads/nsEventQueue.cpp,1
xpcom/threads/nsThreadSyncDispatch.h,67
dom/base/nsTextNode.cpp,6
layout/ipc/VsyncChild.cpp,27
toolkit/components/url-classifier/VariableLengthPrefixSet.cpp,8
obj-firefox/dist/include/nsLayoutUtils.h,5
gfx/layers/opengl/OGLShaderProgram.cpp,2
obj-firefox/dist/include/mozilla/ipc/MessageChannel.h,46
dom/media/GraphDriver.cpp,43
gfx/angle/src/libANGLE/Texture.cpp,1
gfx/thebes/gfxBlur.cpp,2
dom/plugins/ipc/PluginUtilsOSX.mm,2
xpcom/threads/ReentrantMonitor.h,4
obj-firefox/dist/include/nsIChannel.h,6
dom/media/mediasource/MediaSource.cpp,2
toolkit/components/url-classifier/LookupCacheV4.cpp,55
gcc/include/c++/4.8.5/bits/stl_algobase.h,2
xpcom/glue/nsCOMPtr.h,15
dom/html/nsGenericHTMLElement.cpp,52
intl/icu/source/i18n/calendar.cpp,4
gfx/thebes/gfxContext.cpp,22
netwerk/base/nsInputStreamPump.cpp,285
dom/storage/Storage.cpp,1
obj-firefox/dist/include/CompositableHost.h,206
widget/gtk/mozgtk/mozgtk.c,8
obj-firefox/dist/include/mozilla/Maybe.h,11
js/xpconnect/src/XPCWrappedNativeInfo.cpp,6
xpcom/io/FileUtilsWin.h,20
nsprpub/pr/src/io/prsocket.c,14
tools/profiler/gecko/ProfilerChild.cpp,5
obj-firefox/dist/include/nsIObjectOutputStream.h,2
gfx/layers/apz/util/APZCCallbackHelper.cpp,5
xpcom/threads/BackgroundHangMonitor.cpp,5
netwerk/base/public/nsNetUtil.h,1
layout/painting/nsCSSRenderingGradients.cpp,6
gfx/src/nsRegion.cpp,1
intl/icu/source/common/umutex.h,9
dom/gamepad/ipc/GamepadEventChannelParent.cpp,2
media/webrtc/trunk/webrtc/voice_engine/voe_audio_processing_impl.cc,1
dom/media/MediaShutdownManager.cpp,2
netwerk/cache/nsCacheUtils.cpp,2
mfbt/Pair.h,3
gfx/skia/skia/src/core/SkAAClip.cpp,16
gfx/layers/apz/src/APZCTreeManager.cpp,157
dom/media/MediaManager.cpp,3
gfx/webrender/src/resource_cache.rs,204
media/libvpx/vp9/common/vp9_mvref_common.c,4
obj-firefox/ipc/ipdl/PAPZCTreeManagerParent.cpp,3
dom/base/FormData.cpp,1
obj-firefox/dist/include/js/GCPolicyAPI.h,2
image/SurfacePipe.h,1
netwerk/base/PollableEvent.cpp,10
obj-firefox/dist/include/js/TraceKind.h,41
dom/media/webrtc/MediaEngineWebRTC.cpp,1
dom/html/HTMLImageElement.cpp,10
js/src/jit/x86-shared/MoveEmitter-x86-shared.cpp,1
obj-firefox/ipc/ipdl/PBrowserChild.cpp,132
js/src/jit/JitAllocPolicy.h,38
gfx/layers/apz/util/APZEventState.cpp,1
dom/base/nsPerformance.cpp,6
toolkit/components/url-classifier/protobuf/safebrowsing.pb.cc,6
dom/plugins/ipc/PluginScriptableObjectParent.cpp,4
gfx/layers/apz/src/AsyncPanZoomController.cpp,6
obj-firefox/dist/include/mozilla/a11y/DocAccessibleParent.h,1
gfx/layers/client/ContentClient.cpp,2
js/src/vm/RegExpStatics.h,1
content/media/omx/OmxDecoder.cpp,1
obj-firefox/dist/include/mozilla/net/ChannelEventQueue.h,17
xpcom/components/nsComponentManagerUtils.cpp,13
dom/base/nsAttrValue.cpp,16
security/nss/lib/ckfw/session.c,1
widget/nsBaseFilePicker.cpp,1
dom/media/platforms/wrappers/H264Converter.cpp,735
dom/media/TaskDispatcher.h,16
nsprpub/pr/src/threads/combined/prulock.c,14
gfx/layers/composite/PaintedLayerComposite.cpp,5
gfx/layers/composite/LayerManagerComposite.cpp,134
obj-firefox/dom/bindings/WebGLRenderingContextBinding.cpp,1
clang/include/c++/v1/vector,4
js/src/builtin/Promise.cpp,31
toolkit/components/terminator/nsTerminator.cpp,3965
gfx/2d/ScaledFontMac.cpp,2
js/public/GCPolicyAPI.h,1
parser/html/nsHtml5SpeculativeLoad.cpp,1
media/libstagefright/binding/mp4parse_capi/src/lib.rs,1
gfx/layers/wr/WebRenderDisplayItemLayer.cpp,29
obj-firefox/dist/include/js/UbiNodeShortestPaths.h,4
media/ffvpx/libavcodec/utils.c,7
dom/base/nsFocusManager.cpp,24
widget/windows/nsNativeDragTarget.cpp,17
ipc/chromium/src/base/platform_thread_posix.cc,2
dom/base/nsPlainTextSerializer.cpp,7
intl/icu/source/i18n/smpdtfmt.cpp,1
gfx/layers/ShareableCanvasLayer.cpp,2
js/src/jsweakmap.cpp,3
obj-firefox/dist/include/mozilla/BufferList.h,437
content/media/MediaDecoderStateMachine.cpp,2
js/src/json.cpp,53
toolkit/xre/Bootstrap.cpp,7
obj-firefox/dist/include/mozilla/PresShell.h,2
mfbt/HashFunctions.h,3
dom/media/MediaPromise.h,9
xpcom/reflect/xptcall/md/win32/xptcinvoke_asm_x86_64.asm,1907
xpfe/components/windowds/nsWindowDataSource.cpp,1
toolkit/components/url-classifier/nsUrlClassifierProxies.cpp,2
gcc/lib/gcc/x86_64-unknown-linux-gnu/4.9.4/include/emmintrin.h,2
obj-firefox/dist/include/MediaEventSource.h,1
mfbt/RefCounted.h,3
parser/html/nsHtml5TreeOpExecutor.cpp,18
dom/base/nsScriptLoader.cpp,8
gfx/src/nsDeviceContext.cpp,6
gfx/vr/gfxVROpenVR.cpp,6
tools/profiler/gecko/ChildProfilerController.cpp,1
gfx/skia/skia/src/ports/SkMemory_mozalloc.cpp,2
obj-firefox/ipc/ipdl/_ipdlheaders/mozilla/dom/PContentChild.h,1
layout/tables/nsTableColFrame.cpp,1
modules/zlib/src/inflate.c,13
obj-firefox/dom/bindings/TextDecoderBinding.cpp,1
netwerk/protocol/websocket/WebSocketChannelParent.cpp,8
gfx/src/nsDeviceContext.h,1
gfx/layers/AnimationHelper.cpp,9
security/nss/lib/util/secoid.c,8
security/sandbox/chromium/sandbox/win/src/filesystem_interception.cc,41
dom/media/gmp/GMPServiceChild.cpp,10
gfx/skia/skia/src/image/SkImage_Raster.cpp,1
caps/NullPrincipal.cpp,2
gfx/gl/GLXLibrary.h,16
media/libyuv/libyuv/source/scale_any.cc,8
netwerk/dns/nsEffectiveTLDService.cpp,1
gfx/layers/composite/ImageComposite.h,798
gfx/harfbuzz/src/hb-shaper-list.hh,2
widget/gtk/X11CompositorWidget.cpp,1
dom/media/webrtc/MediaEngineWebRTCAudio.cpp,1
toolkit/components/places/Shutdown.cpp,1
js/src/jit/Ion.cpp,1038
gfx/webrender/src/render_backend.rs,19
gfx/layers/ImageContainer.cpp,12
gfx/layers/ipc/CompositorChild.cpp,5
toolkit/xre/nsAppRunner.cpp,857
obj-firefox/dom/bindings/MutationObserverBinding.cpp,1
obj-firefox/ipc/ipdl/PDocAccessibleChild.cpp,12
xpcom/reflect/xptcall/md/unix/xptcinvoke_x86_64_unix.cpp,2
netwerk/protocol/data/nsDataHandler.cpp,3
layout/generic/nsFlexContainerFrame.cpp,4
gfx/webrender/src/frame.rs,72
xpcom/threads/TaskDispatcher.h,250
uriloader/exthandler/nsExternalHelperAppService.cpp,24
js/src/jit/Recover.cpp,7
gfx/layers/IPDLActor.h,132
dom/media/mediasource/ContainerParser.cpp,1
parser/html/nsHtml5StreamParser.cpp,70
widget/windows/nsWindowGfx.cpp,5
obj-firefox/dom/bindings/SourceBufferBinding.cpp,3
layout/base/nsPresContext.cpp,41
dom/ipc/nsIContentParent.cpp,6
gfx/vr/ipc/VRLayerChild.cpp,30
obj-firefox/ipc/ipdl/PProcessHangMonitorParent.cpp,98
accessible/windows/sdn/sdnAccessible.cpp,8
widget/android/AndroidUiThread.cpp,3
memory/mozjemalloc/mozjemalloc.cpp,2247
obj-firefox/dom/bindings/HTMLElementBinding.cpp,8
dom/fetch/Request.cpp,1
xpcom/glue/nsBaseHashtable.h,2
js/src/jit/Snapshots.cpp,5
layout/style/StyleSheet.cpp,2850
ipc/chromium/src/chrome/common/file_descriptor_set_posix.cc,4
netwerk/sctp/src/user_socket.c,11
dom/xul/nsXULPopupListener.cpp,4
toolkit/xre/nsX11ErrorHandler.cpp,18
xpcom/base/nsCycleCollectorTraceJSHelpers.cpp,48
toolkit/xre/ProfileReset.h,1
gfx/skia/skia/src/core/SkGlyphCache.cpp,9
js/public/Utility.h,7
widget/windows/WinUtils.cpp,58
js/src/vm/Interpreter-inl.h,2
gfx/skia/skia/src/gpu/ops/GrMeshDrawOp.cpp,5
dom/media/mediasource/MediaSourceReader.cpp,2
parser/html/nsHtml5TokenizerCppSupplement.h,1
obj-firefox/dom/bindings/HTMLTableElementBinding.cpp,1
netwerk/base/nsStreamLoader.cpp,4
parser/html/nsHtml5OplessBuilder.cpp,11
dom/base/FragmentOrElement.cpp,164
js/src/irregexp/RegExpParser.cpp,6
js/src/vm/Scope.cpp,23
layout/generic/ReflowInput.cpp,29
layout/style/nsTransitionManager.h,1
dom/cache/DBAction.cpp,2
media/webrtc/trunk/webrtc/modules/video_coding/main/source/generic_decoder.cc,1
js/xpconnect/src/XPCMaps.h,1
dom/ipc/ContentChild.h,1
dom/indexedDB/IDBFactory.cpp,2
gfx/skia/skia/src/gpu/GrGpu.cpp,12
caps/nsScriptSecurityManager.cpp,5
dom/url/URL.cpp,4
layout/style/MediaQueryList.cpp,3
obj-firefox/ipc/ipdl/PPluginInstanceParent.cpp,10
gfx/harfbuzz/src/hb-shape-plan.cc,1
docshell/build/nsDocShellModule.cpp,1
js/src/jit/BaselineIC.cpp,263
layout/ipc/RenderFrameParent.cpp,17
layout/printing/nsPrintData.cpp,1
security/nss/lib/certdb/stanpcertdb.c,1
dom/ipc/StructuredCloneData.cpp,18
js/src/vm/NativeObject.cpp,198
layout/base/GeckoRestyleManager.cpp,592
mfbt/EndianUtils.h,1
dom/webauthn/U2FTokenTransport.h,1
netwerk/cache2/CacheFile.h,2
obj-firefox/ipc/ipdl/PStorageParent.cpp,1
parser/html/nsHtml5Parser.cpp,2
js/src/vm/UnboxedObject.cpp,3
toolkit/crashreporter/breakpad-client/mac/handler/exception_handler.cc,2927
obj-firefox/dom/bindings/DOMTokenListBinding.cpp,5
obj-firefox/dist/include/mozilla/ScopeExit.h,20
js/src/vm/SelfHosting.cpp,9
security/nss/lib/pk11wrap/pk11util.c,5
gfx/skia/skia/src/core/SkScan_Path.cpp,2
js/xpconnect/src/XPCConvert.cpp,29
obj-firefox/dist/include/ipc/IPCMessageUtils.h,47
js/src/jit/x86/LIR-x86.h,3
layout/style/ImageLoader.cpp,1
gfx/layers/composite/ContentHost.h,1
toolkit/crashreporter/google-breakpad/src/client/windows/handler/exception_handler.cc,2148
obj-firefox/dom/bindings/CanvasRenderingContext2DBinding.cpp,11
dom/html/HTMLObjectElement.cpp,8
obj-firefox/dist/include/mozilla/devtools/HeapSnapshot.h,2
accessible/windows/msaa/MsaaIdGenerator.cpp,3
image/imgRequestProxy.cpp,5
obj-firefox/ipc/ipdl/PPluginScriptableObjectParent.cpp,4
dom/media/gmp/GMPService.cpp,3
obj-firefox/dist/include/mozilla/Mutex.h,28
intl/locale/nsLanguageAtomService.cpp,1
obj-firefox/ipc/ipdl/PAPZCTreeManagerChild.cpp,2
editor/libeditor/HTMLEditorDataTransfer.cpp,9
layout/painting/nsCSSRendering.cpp,20
gfx/2d/DrawTargetTiled.cpp,6
dom/media/mediasource/TrackBuffersManager.cpp,34
layout/painting/DisplayItemClip.cpp,29
ipc/chromium/src/base/thread.cc,78
toolkit/components/jsoncpp/src/lib_json/json_value.cpp,3
content/media/omx/MediaOmxReader.cpp,1
obj-firefox/ipc/ipdl/PCompositorBridgeChild.cpp,26
gfx/angle/src/libANGLE/renderer/d3d/TextureD3D.cpp,2
dom/media/TaskQueue.cpp,2
obj-firefox/dist/include/mozilla/Vector.h,137
media/webrtc/trunk/webrtc/modules/rtp_rtcp/source/rtp_sender_video.cc,6
layout/xul/nsBox.cpp,9
obj-firefox/dist/include/mozilla/net/NeckoMessageUtils.h,6
extensions/spellcheck/hunspell/src/hunspell.cxx,3
obj-firefox/dist/include/mozilla/gfx/Logging.h,624
intl/strres/nsStringBundle.cpp,4
obj-firefox/dist/include/mozilla/ReentrantMonitor.h,58
xpfe/appshell/nsContentTreeOwner.cpp,16
dom/media/MediaDecoderReader.h,1
intl/icu/source/i18n/unum.cpp,1
ipc/chromium/src/base/message_pump_glib.cc,2
js/xpconnect/src/XPCJSRuntime.cpp,152
accessible/windows/msaa/DocAccessibleWrap.cpp,13
obj-firefox/dist/include/nsString.h,3
gfx/2d/SourceSurfaceRawData.h,2
ipc/chromium/src/base/pickle.h,5
widget/nsIdleService.cpp,4
js/src/vm/StructuredClone.cpp,80
dom/ipc/ProcessPriorityManager.cpp,8
dom/plugins/ipc/PluginHangUIParent.cpp,30
layout/painting/nsDisplayList.cpp,260
gfx/layers/ipc/ImageBridgeParent.cpp,194
js/xpconnect/loader/mozJSSubScriptLoader.cpp,412
accessible/windows/sdn/sdnAccessible-inl.h,8
dom/security/nsCSPContext.cpp,1
layout/style/nsDOMCSSDeclaration.cpp,8
js/src/jit/IonCaches.cpp,2
image/DecodedSurfaceProvider.cpp,11
vs2015u3/VC/include/xhash,8
dom/flyweb/HttpServer.cpp,1
obj-firefox/dist/include/nsIEventTarget.h,1
toolkit/xre/nsXREDirProvider.h,1
layout/svg/nsSVGContainerFrame.cpp,2
js/src/jit/JitCompartment.h,1
obj-firefox/dist/include/mozilla/TelemetryComms.h,1
mozglue/misc/TimeStamp_posix.cpp,2
mfbt/Vector.h,17
nsprpub/pr/src/threads/prmon.c,10
obj-firefox/dist/include/nsILoadInfo.h,1
dom/ipc/StructuredCloneData.h,1
obj-firefox/ipc/ipdl/PGMPContentChild.cpp,4
toolkit/components/places/FaviconHelpers.cpp,4
image/RasterImage.cpp,11
dom/events/JSEventHandler.cpp,1
intl/icu/source/common/unifiedcache.h,2
xpcom/ds/nsArray.cpp,13
intl/icu/source/i18n/zonemeta.cpp,5
obj-firefox/dist/include/shared-libraries.h,1
js/src/vm/StringBuffer.cpp,4
gfx/layers/ImageLayers.cpp,1
js/src/jit/x86/SharedICHelpers-x86.h,1
netwerk/protocol/http/BackgroundChannelRegistrar.cpp,223
layout/base/FrameLayerBuilder.cpp,14
image/ProgressTracker.cpp,13
layout/style/nsLayoutStylesheetCache.cpp,21
gfx/ipc/GPUChild.cpp,1
toolkit/xre/nsUpdateDriver.cpp,3
xpcom/glue/nsThreadUtils.h,116
dom/media/systemservices/VideoEngine.cpp,1
obj-firefox/ipc/ipdl/PAsmJSCacheEntryParent.cpp,8
gfx/layers/wr/WebRenderContainerLayer.h,1
gfx/layers/composite/ImageHost.cpp,2100
layout/base/ZoomConstraintsClient.cpp,1
media/webrtc/trunk/webrtc/video_engine/vie_channel.cc,1
devtools/shared/heapsnapshot/CoreDump.pb.h,1
obj-firefox/ipc/ipdl/PBackgroundChild.cpp,8
dom/ipc/TabParent.cpp,581
xpcom/string/nsTSubstring.cpp,231
js/src/jsarray.cpp,40
xpcom/string/nsTDependentString.h,4
gfx/2d/UserData.h,1
obj-firefox/dom/bindings/TrackEvent.cpp,1
accessible/generic/DocAccessible.cpp,133
dom/media/CubebUtils.cpp,10
gfx/layers/client/ClientPaintedLayer.cpp,27
widget/PuppetWidget.cpp,66
parser/htmlparser/nsParser.cpp,4
dom/base/nsFrameMessageManager.h,1
docshell/base/nsDocShell.cpp,4243
obj-firefox/dist/include/nsRefPtrHashtable.h,1
netwerk/base/LoadInfo.cpp,4
gfx/angle/src/libANGLE/renderer/d3d/d3d11/StateManager11.cpp,1
js/src/vm/JSONParser.cpp,8
security/nss/lib/ssl/sslcon.c,1
gfx/ots/src/ots.cc,5
dom/plugins/base/nsNPAPIPlugin.cpp,5
gfx/vr/ipc/VRManagerParent.cpp,8
js/src/jit/BaselineBailouts.cpp,26
xpcom/io/nsStringStream.cpp,11
gfx/layers/ipc/CrossProcessCompositorBridgeParent.cpp,100
gfx/gl/GLContextProviderEGL.cpp,124
gfx/angle/src/libANGLE/renderer/d3d/d3d11/VertexArray11.cpp,11
gfx/ipc/VsyncBridgeChild.cpp,20
gfx/skia/skia/src/core/SkClipStack.cpp,1
security/nss/lib/freebl/mpi/mpi.c,4
parser/html/nsHtml5TreeOperation.cpp,33
dom/storage/DOMStorageIPC.cpp,6
js/src/jit/TypePolicy.cpp,2
gfx/angle/src/libANGLE/ResourceManager.cpp,1
obj-firefox/ipc/ipdl/PImageBridgeChild.cpp,5
toolkit/components/printingui/win/nsPrintingPromptService.cpp,1
xpcom/ds/nsTObserverArray.h,1
dom/media/fmp4/wmf/WMFMediaDataDecoder.cpp,2
js/src/jit/BaselineCompiler.cpp,128
dom/base/DOMException.cpp,10
xpcom/base/nsCRTGlue.cpp,1
obj-firefox/dist/include/nsAutoPtr.h,4
layout/painting/nsImageRenderer.cpp,4
media/mtransport/third_party/nICEr/src/ice/ice_media_stream.c,1
media/webrtc/signaling/src/media-conduit/WebrtcGmpVideoCodec.cpp,5
security/nss/lib/pki/pkistore.c,1
dom/script/ScriptLoader.cpp,18
media/libpng/pngpread.c,3
obj-firefox/ipc/ipdl/IPCMessageTypeName.cpp,1
dom/media/MediaTaskQueue.cpp,15
js/xpconnect/src/XPCMaps.cpp,1
layout/style/nsMediaList.cpp,21
js/src/jit/RegisterAllocator.cpp,3
parser/html/nsHtml5HtmlAttributes.cpp,2
security/nss/lib/ssl/tls13con.c,2
gfx/layers/TreeTraversal.h,51
security/nss/lib/pk11wrap/pk11obj.c,4
content/base/src/nsFrameMessageManager.cpp,12
gfx/thebes/gfxWindowsPlatform.cpp,36
media/webrtc/signaling/src/sdp/sipcc/sdp_access.c,1
netwerk/protocol/http/InterceptedChannel.cpp,12
gfx/layers/client/ClientCanvasLayer.cpp,2
js/xpconnect/src/XPCWrappedNative.cpp,985
js/src/vm/TaggedProto.h,1
dom/quota/QuotaManagerService.cpp,4
xpcom/string/nsTSubstring.h,96
media/webrtc/trunk/webrtc/modules/audio_device/android/audio_device_template.h,1
widget/windows/TaskbarWindowPreview.cpp,9
dom/html/HTMLButtonElement.cpp,1
dom/workers/Queue.h,4
dom/u2f/U2F.cpp,1
xpcom/ds/PLDHashTable.cpp,273
obj-firefox/dist/include/mozilla/extensions/WebExtensionContentScript.h,3
dom/base/WindowNamedPropertiesHandler.cpp,2
js/src/frontend/TokenStream.cpp,1
dom/console/Console.cpp,1
widget/android/jni/Utils.cpp,40
js/public/ProfilingStack.h,1
gfx/2d/2D.h,1
memory/mozjemalloc/jemalloc.c,303
accessible/windows/msaa/Platform.cpp,2
xpcom/ds/nsProperties.cpp,1
gfx/2d/DrawTargetD2D1.cpp,4
obj-firefox/dist/include/mozilla/dom/CanvasRenderingContext2D.h,1
gfx/skia/skia/src/core/SkGlyphCache.h,20
obj-firefox/dom/bindings/ErrorEvent.cpp,1
widget/android/PrefsHelper.h,1
dom/media/platforms/wmf/WMFAudioMFTManager.cpp,5
toolkit/xre/nsWindowsWMain.cpp,47
js/src/vm/TaggedProto.cpp,8
security/nss/lib/freebl/mpi/mp_comba_amd64_masm.asm,2
dom/base/Timeout.h,1
docshell/shistory/nsSHEntry.cpp,15
obj-firefox/ipc/ipdl/PHttpBackgroundChannelChild.cpp,4
toolkit/components/url-classifier/Entries.h,1
ipc/mscom/Utils.cpp,8
dom/media/AbstractMediaDecoder.h,1
gfx/skia/skia/src/core/SkScalerContext.cpp,5
js/src/irregexp/RegExpParser.h,1
dom/ipc/Blob.cpp,20
obj-firefox/ipc/ipdl/PTextureParent.cpp,1
gfx/layers/client/ClientLayerManager.cpp,115
obj-firefox/dist/include/mozilla/dom/CallbackObject.h,13
gfx/2d/DrawTargetDual.h,1
layout/generic/nsAbsoluteContainingBlock.cpp,11
dom/base/nsContentPolicyUtils.h,2
gfx/cairo/cairo/src/cairo-gstate.c,2
netwerk/sctp/src/netinet/sctp_indata.c,3
toolkit/components/windowwatcher/nsWindowWatcher.cpp,65
dom/animation/Animation.cpp,2
xpcom/threads/nsThreadUtils.cpp,37731
js/src/gc/Marking.cpp,1442
obj-firefox/dom/bindings/HTMLDocumentBinding.cpp,13
js/public/RootingAPI.h,5
layout/base/nsDocumentViewer.cpp,2141
modules/libjar/nsZipArchive.cpp,28
dom/media/DecoderDoctorDiagnostics.cpp,4
obj-firefox/ipc/ipdl/PNeckoParent.cpp,21
dom/security/SRICheck.cpp,1
accessible/ipc/ProxyAccessibleBase.cpp,19
js/src/vm/ObjectGroup.h,4
xpcom/components/ManifestParser.cpp,4
obj-firefox/dist/include/mozilla/dom/CrashReporterParent.h,5
toolkit/components/url-classifier/Classifier.cpp,90
js/public/Value.h,7
netwerk/protocol/http/nsHttpRequestHead.cpp,1
media/ffvpx/libavutil/buffer.c,3
layout/base/nsFrameTraversal.cpp,2
xpcom/glue/nsTHashtable.h,6
obj-firefox/ipc/ipdl/PVRLayerParent.cpp,196
obj-firefox/dist/include/nsIPresShell.h,7
accessible/ipc/DocAccessibleChildBase.cpp,26
ipc/glue/GeckoChildProcessHost.cpp,24
obj-firefox/dom/bindings/ChromeUtilsBinding.cpp,1
js/src/ds/Sort.h,1
js/src/gc/Nursery.cpp,155
obj-firefox/dist/include/mozilla/dom/WindowBinding.h,15
tools/profiler/core/platform.cpp,12
obj-firefox/dist/include/VRMessageUtils.h,2
netwerk/protocol/http/HttpBaseChannel.cpp,37
tools/profiler/core/shared-libraries-linux.cc,1
obj-firefox/dist/include/nsTString.h,2
dom/plugins/ipc/PluginScriptableObjectChild.cpp,43
toolkit/components/extensions/WebExtensionPolicy.cpp,87
layout/base/nsDisplayList.cpp,7
view/nsView.cpp,25
obj-firefox/dist/include/mozilla/dom/FunctionBinding.h,13
widget/gonk/nsWindow.cpp,1
memory/mozalloc/mozalloc_oom.cpp,379
widget/windows/WinTaskbar.cpp,18
layout/style/nsRuleNode.cpp,86
xpcom/base/CycleCollectedJSContext.cpp,50
xpcom/glue/PLDHashTable.cpp,21
xpcom/base/nsDebugImpl.cpp,1748
xpcom/glue/ReentrantMonitor.h,2
obj-firefox/ipc/ipdl/PWebSocketChild.cpp,1
dom/animation/KeyframeEffectReadOnly.cpp,13
js/src/builtin/Object.cpp,10
obj-firefox/dist/include/mozilla/dom/ipc/StructuredCloneData.h,7
nsprpub/lib/ds/plhash.c,17
dom/media/omx/MediaCodecProxy.cpp,47
gfx/src/nsFont.cpp,5
image/imgFrame.cpp,27
layout/svg/nsSVGEffects.cpp,1
js/src/jit/MIRGraph.h,1
js/src/vm/CharacterEncoding.cpp,1
dom/events/IMEStateManager.cpp,2
layout/style/nsCSSValue.cpp,5
js/src/jit/IonControlFlow.cpp,5
obj-firefox/ipc/ipdl/PCookieServiceParent.cpp,2
ipc/chromium/src/base/message_pump_libevent.cc,14
intl/uconv/nsUTF8ToUnicodeSSE2.cpp,1
media/mtransport/ipc/StunAddrsRequestChild.cpp,1
obj-firefox/x86_64/ipc/ipdl/PNeckoChild.cpp,1
dom/ipc/MemoryReportRequest.cpp,1
dom/media/MozPromise.h,3
uriloader/exthandler/ExternalHelperAppChild.cpp,44
gfx/thebes/gfxPlatformGtk.cpp,1
layout/generic/nsGfxScrollFrame.cpp,53
xpcom/glue/nsWeakReference.cpp,15
gfx/cairo/cairo/src/cairo-surface.c,18
widget/windows/InkCollector.cpp,2
gfx/layers/SourceSurfaceVolatileData.cpp,13
js/src/vm/SavedStacks-inl.h,2
nsprpub/pr/src/md/windows/ntmisc.c,4
vs2015u3/VC/include/list,3
dom/workers/FileReaderSync.cpp,4
gfx/skia/skia/src/gpu/GrBitmapTextureMaker.cpp,1
dom/fetch/BodyExtractor.cpp,5
dom/script/ScriptSettings.cpp,20
obj-firefox/dom/bindings/RTCPeerConnectionBinding.cpp,9
security/sandbox/chromium/sandbox/win/src/crosscall_client.h,21
obj-firefox/dom/bindings/IDBFactoryBinding.cpp,6
js/src/vm/RegExpObject.cpp,45
parser/html/nsHtml5Tokenizer.cpp,21
js/src/builtin/Intl.cpp,7
xpcom/io/nsEscape.cpp,6
toolkit/crashreporter/nsExceptionHandler.cpp,58550
dom/workers/WorkerPrivate.cpp,207
layout/painting/FrameLayerBuilder.cpp,315
media/libjpeg/jmemmgr.c,9
xpcom/threads/TaskQueue.cpp,936
netwerk/dns/DNSRequestChild.cpp,1
gfx/angle/src/libANGLE/renderer/d3d/d3d11/VertexBuffer11.cpp,11
js/src/vm/ScopeObject.cpp,1
storage/mozStorageArgValueArray.cpp,1
dom/base/nsContentSink.cpp,52
gfx/2d/RecordedEvent.cpp,24
gfx/2d/convolver.cpp,3
clang/include/c++/v1/iterator,1
tools/profiler/core/EHABIStackWalk.cpp,1
dom/media/fmp4/MP4Demuxer.cpp,2
accessible/generic/DocAccessible.h,12
dom/base/TimeoutManager.cpp,1983
js/src/jsscriptinlines.h,18
dom/canvas/WebGLVertexArray.cpp,1
js/src/jit/CacheIRCompiler.cpp,2
dom/xbl/nsXBLProtoImpl.cpp,6
gfx/layers/composite/ImageLayerComposite.cpp,422
obj-firefox/dist/include/nsThreadUtils.h,1209
gfx/thebes/gfxPrefs.cpp,2
js/src/jit/x86-shared/BaseAssembler-x86-shared.h,19
extensions/auth/nsAuthGSSAPI.cpp,1
obj-firefox/dist/include/js/Date.h,1
xpcom/base/nsCOMPtr.cpp,103
docshell/base/nsDocShellTreeOwner.cpp,3
js/src/jit/x86/MacroAssembler-x86.h,1
gfx/cairo/cairo/src/cairo-dwrite-font.cpp,2
layout/style/nsStyleContext.h,20
netwerk/streamconv/converters/nsHTTPCompressConv.cpp,7
obj-firefox/dom/bindings/HTMLInputElementBinding.cpp,2
obj-firefox/dist/include/Layers.h,1
obj-firefox/ipc/ipdl/PVsyncBridgeChild.cpp,15
obj-firefox/ipc/ipdl/PCacheOpParent.cpp,12
obj-firefox/ipc/ipdl/_ipdlheaders/mozilla/dom/PBrowserChild.h,1
dom/canvas/CanvasRenderingContext2D.h,10
js/src/jit/IonCacheIRCompiler.cpp,6
gfx/webrender/src/renderer.rs,251
dom/html/HTMLCanvasElement.cpp,28
dom/xbl/nsXBLWindowKeyHandler.cpp,4
layout/svg/SVGGeometryFrame.cpp,5
obj-firefox/dist/include/mozilla/dom/TabChild.h,1
js/src/jit/LIR.h,3
ipc/glue/BackgroundImpl.cpp,10
gfx/skia/skia/src/core/SkPaint.cpp,62
gfx/cairo/cairo/src/cairo.c,3
media/ffvpx/libavcodec/vp8.c,1
dom/media/mediasource/SourceBuffer.cpp,9
caps/nsJSPrincipals.cpp,1
js/xpconnect/src/XPCCallContext.cpp,5
layout/base/nsIPresShell.h,12
gfx/gl/GLReadTexImageHelper.cpp,1
ipc/mscom/MainThreadRuntime.cpp,13
obj-firefox/dom/bindings/EventListenerBinding.cpp,7
layout/xul/nsXULPopupManager.cpp,6
js/src/jit/LIR-Common.h,1
dom/indexedDB/IDBKeyRange.cpp,3
xpcom/threads/TaskQueue.h,80
js/src/jit/MIR.cpp,38
gfx/cairo/cairo/src/cairo-surface-fallback.c,10
editor/libeditor/nsHTMLEditor.cpp,1
dom/xslt/xpath/XPathEvaluator.cpp,3
ipc/mscom/MainThreadInvoker.cpp,1
xpcom/ds/nsHashPropertyBag.cpp,5
ipc/glue/IPCStreamUtils.cpp,3
js/src/frontend/NameFunctions.cpp,2
dom/media/mediasink/AudioSinkWrapper.cpp,24
obj-firefox/ipc/ipdl/PHttpChannelChild.cpp,47
dom/workers/ServiceWorkerInfo.cpp,8
js/src/jit/ProcessExecutableMemory.cpp,36
obj-firefox/ipc/ipdl/InputStreamParams.cpp,1
media/libyuv/libyuv/source/row_gcc.cc,4
layout/base/AccessibleCaretEventHub.cpp,16
memory/mozalloc/mozalloc.cpp,530
layout/style/AnimationCommon.cpp,3
js/xpconnect/src/XPCWrappedNativeScope.cpp,15
netwerk/base/nsPACMan.cpp,12
gfx/skia/skia/src/core/SkBlitter.cpp,1
android-ndk/sources/cxx-stl/llvm-libc++/libcxx/include/atomic,1
layout/generic/nsLineLayout.cpp,32
media/webrtc/signaling/src/sdp/sipcc/sdp_attr.c,12
dom/html/nsGenericHTMLFrameElement.cpp,61
gfx/skia/trunk/src/gpu/GrContext.cpp,1
js/src/jit/SharedIC.h,10
layout/base/FramePropertyTable.cpp,4
gfx/layers/apz/util/ChromeProcessController.cpp,1
obj-firefox/dist/include/mozilla/RefPtr.h,652
obj-firefox/ipc/ipdl/PImageBridgeParent.cpp,193
xpcom/base/HoldDropJSObjects.cpp,6
js/src/jscntxt.h,1
obj-firefox/dist/include/TimeUnits.h,1
netwerk/base/nsFileStreams.cpp,3
media/mtransport/nr_socket_prsock.cpp,1
xpcom/glue/Mutex.h,7
dom/base/nsFrameLoader.cpp,174
dom/storage/LocalStorageManager.cpp,206
obj-firefox/dist/include/nsCOMPtr.h,167
dom/indexeddb/ActorsParent.cpp,11
memory/mozalloc/msvc_raise_wrappers.cpp,5
dom/html/nsHTMLContentSink.cpp,14
security/sandbox/chromium/sandbox/win/src/filesystem_policy.cc,1
gfx/gl/AndroidNativeWindow.h,62
netwerk/cache2/CacheIOThread.cpp,239
gfx/gl/GLTextureImage.cpp,1
accessible/windows/msaa/HyperTextAccessibleWrap.cpp,3
layout/style/nsCSSParser.cpp,98
obj-firefox/ipc/ipdl/PVRLayer.cpp,278
tools/profiler/public/GeckoProfiler.h,1
obj-firefox/dist/include/mozilla/SegmentedVector.h,24
dom/base/nsLocation.cpp,1
mfbt/AlreadyAddRefed.h,3
gfx/skia/skia/src/core/SkArenaAlloc.h,1
layout/base/RestyleManager.cpp,51
netwerk/base/nsIncrementalStreamLoader.cpp,6
obj-firefox/ipc/ipdl/PIPCBlobInputStreamParent.cpp,2
js/src/proxy/Proxy.cpp,121
intl/icu/source/i18n/timezone.cpp,29
js/src/jsinterp.cpp,4
netwerk/dns/nsDNSService2.cpp,9
dom/plugins/ipc/PluginInstanceParent.cpp,6
js/xpconnect/src/XPCRuntimeService.cpp,1
widget/cocoa/nsLookAndFeel.mm,21
dom/cache/DBSchema.cpp,2
media/webrtc/trunk/webrtc/modules/utility/source/file_player_impl.cc,1
dom/workers/ServiceWorkerManager.cpp,11
obj-firefox/dist/include/nsViewManager.h,2
dom/base/ImageEncoder.cpp,2
gfx/skia/skia/src/gpu/gl/GrGLBuffer.cpp,24
netwerk/protocol/http/nsHttpConnection.cpp,40
obj-firefox/dist/include/js/RootingAPI.h,5
media/mtransport/nricectx.cpp,1
memory/mozalloc/mozalloc.h,11
editor/libeditor/nsEditor.cpp,1
layout/style/nsAnimationManager.cpp,5
gfx/2d/DrawTargetCairo.cpp,5
netwerk/base/nsLoadGroup.cpp,7
dom/base/SameProcessMessageQueue.cpp,1
dom/bindings/BindingUtils.cpp,122
obj-firefox/dist/include/mozilla/Monitor.h,4
obj-firefox/ipc/ipdl/PUiCompositorControllerParent.cpp,6
dom/indexedDB/ActorsChild.cpp,2
ipc/contentproc/plugin-container.cpp,50
dom/xml/nsXMLElement.cpp,1
js/src/vm/HelperThreads.h,1
gfx/angle/src/libANGLE/renderer/d3d/d3d11/RenderStateCache.cpp,2
layout/generic/BlockReflowInput.cpp,4
editor/libeditor/nsPlaintextEditor.cpp,1
xpcom/glue/nsHashKeys.h,1
widget/windows/AudioSession.cpp,36
accessible/generic/Accessible.cpp,14
gfx/angle/src/libANGLE/Context.cpp,42
widget/windows/JumpListBuilder.cpp,6
js/src/jsobj.cpp,183
js/src/builtin/RegExp.cpp,46
layout/generic/FrameChildList.cpp,1
security/nss/lib/pki/cryptocontext.c,1
gfx/layers/LayerTreeInvalidation.cpp,14
dom/ipc/TabChild.cpp,427
netwerk/base/nsProxyInfo.cpp,1
js/src/vm/TraceLogging.cpp,140
gfx/layers/basic/BasicCompositor.cpp,9
gfx/thebes/gfxUtils.cpp,2
dom/events/EventStateManager.cpp,19
dom/media/VideoFrameContainer.cpp,2
storage/mozStorageBindingParams.cpp,4
gfx/layers/opengl/CompositorOGL.cpp,71
js/src/vm/NativeObject-inl.h,50
js/src/ds/PageProtectingVector.h,100
modules/libjar/zipwriter/nsZipDataStream.cpp,2
dom/base/nsGenericDOMDataNode.cpp,3
js/src/gc/Iteration.cpp,6
gfx/gl/SharedSurfaceANGLE.cpp,4
android-ndk/sources/cxx-stl/llvm-libc++/libcxx/include/string,1
gfx/angle/src/image_util/loadimage.inl,1
netwerk/ipc/ChannelEventQueue.h,1
gfx/2d/ScaledFontBase.cpp,2
dom/base/DOMIntersectionObserver.cpp,59
widget/windows/InProcessWinCompositorWidget.cpp,1
dom/base/nsContentAreaDragDrop.cpp,2
media/ffvpx/libavcodec/pthread_frame.c,7
dom/canvas/CanvasRenderingContextHelper.cpp,13
obj-firefox/dist/include/mozilla/UniquePtr.h,18
ipc/chromium/src/base/thread_local.h,5
layout/generic/nsTextRunTransformations.cpp,1
obj-firefox/dist/include/mozilla/dom/Text.h,2
js/src/vm/Initialization.cpp,14
widget/windows/GfxInfo.cpp,4
netwerk/protocol/http/HttpChannelParent.cpp,51
dom/xbl/nsXBLService.cpp,1
js/src/threading/ProtectedData.h,2
gfx/skia/skia/src/core/SkBlitter_Sprite.cpp,3
js/src/jscompartment.cpp,47
view/nsViewManager.cpp,355
mozglue/misc/ConditionVariable_windows.cpp,2
xpcom/base/nsMemoryImpl.cpp,2
ipc/glue/WindowsMessageLoop.cpp,165
js/src/jit/BacktrackingAllocator.h,1
gfx/layers/basic/BasicContainerLayer.cpp,2
dom/events/UIEvent.cpp,9
xpcom/io/nsLocalFileWin.cpp,13
gfx/2d/DrawTargetRecording.cpp,2
dom/media/mediasink/VideoSink.cpp,26
security/manager/ssl/DataStorage.cpp,40
js/src/gc/StoreBuffer.h,3
netwerk/base/nsNetUtil.cpp,47
layout/printing/ipc/RemotePrintJobParent.cpp,49
toolkit/components/places/nsPlacesModule.cpp,37
js/src/vm/Interpreter.h,8
gfx/thebes/gfxPlatform.cpp,366
gfx/layers/ipc/ShadowLayers.cpp,10
js/src/jit/LiveRangeAllocator.cpp,4
xpcom/reflect/xptcall/md/win32/xptcstubs_x86_64.cpp,8
gfx/vr/gfxVROculus.cpp,57
layout/base/PresShell.cpp,249
dom/fetch/Fetch.cpp,3
dom/media/platforms/android/RemoteDataDecoder.cpp,14
obj-firefox/dom/bindings/PeerConnectionImplBinding.cpp,7
storage/mozStorageRow.cpp,3
js/src/jit/x64/Assembler-x64.h,5
dom/canvas/WebGLTextureUpload.cpp,1
dom/workers/ServiceWorkerPrivate.cpp,2
toolkit/crashreporter/google-breakpad/src/client/mac/handler/exception_handler.cc,39
media/webrtc/signaling/src/peerconnection/PeerConnectionCtx.cpp,1
gfx/layers/apz/public/IAPZCTreeManager.cpp,3
editor/libeditor/EditTransactionBase.cpp,2
obj-firefox/dom/bindings/CSS2PropertiesBinding.cpp,19
obj-firefox/ipc/ipdl/PFilePickerParent.cpp,3
dom/media/gmp/GMPContentParent.cpp,5
obj-firefox/ipc/ipdl/_ipdlheaders/mozilla/layers/PCompositorBridgeParent.h,15
js/src/gc/Allocator.cpp,76
js/src/wasm/WasmSignalHandlers.cpp,2
gfx/layers/client/ImageClient.cpp,17
ipc/glue/CrashReporterHost.h,3183
services/crypto/component/IdentityCryptoService.cpp,4
gfx/layers/Layers.cpp,11
android-ndk/sources/cxx-stl/llvm-libc++/libcxx/include/vector,11
xpcom/build/PoisonIOInterposerWin.cpp,15
gfx/thebes/gfxFontInfoLoader.h,798
js/src/vm/Stack-inl.h,1
media/libcubeb/src/cubeb_utils.h,4
dom/commandhandler/nsBaseCommandController.cpp,2
gfx/skia/trunk/src/gpu/GrGpu.cpp,1
mfbt/double-conversion/source/double-conversion.cc,3
obj-firefox/xpcom/build/nsThreadUtils.cpp,1
obj-firefox/dist/include/mozilla/a11y/IDSet.h,4
obj-firefox/ipc/ipdl/PCrashReporterChild.cpp,3
js/src/frontend/Parser.cpp,59
toolkit/components/telemetry/TelemetryHistogram.cpp,62
xpcom/glue/pldhash.cpp,5
obj-firefox/dist/include/nsBaseHashtable.h,9
gfx/layers/basic/BasicLayerManager.cpp,48
obj-firefox/dist/include/mozilla/dom/Element.h,8
nsprpub/pr/src/md/windows/w95sock.c,2
dom/html/HTMLVideoElement.cpp,4
js/src/jit/JitFrames.cpp,34
obj-firefox/dist/include/safebrowsing.pb.h,1
parser/html/nsHtml5TreeBuilderCppSupplement.h,4
accessible/xul/XULTreeAccessible.cpp,2
media/webrtc/trunk/webrtc/modules/rtp_rtcp/source/rtp_packet_history.cc,3
dom/html/nsHTMLDocument.cpp,31
obj-firefox/dom/bindings/WebSocketBinding.cpp,1
gfx/layers/opengl/TextureHostOGL.cpp,1016
obj-firefox/dist/include/mozilla/dom/WorkerPrivate.h,1
gfx/layers/wr/WebRenderContainerLayer.cpp,29
xpcom/reflect/xptcall/md/win32/xptcinvoke_asm_x86_msvc.asm,877
obj-firefox/dom/bindings/SubtleCryptoBinding.cpp,1
gfx/layers/ipc/APZCTreeManagerParent.cpp,4
toolkit/components/url-classifier/LookupCache.cpp,23
media/webrtc/signaling/src/media-conduit/AudioConduit.cpp,3
gfx/skia/skia/src/gpu/GrResourceProvider.cpp,23
dom/media/mediasink/DecodedAudioDataSink.cpp,10
js/xpconnect/src/XPCWrappedNativeProto.cpp,1
netwerk/dns/nsIDNService.cpp,2
media/webrtc/trunk/webrtc/call/call.cc,6
parser/html/nsHtml5TreeOpStage.cpp,2
xpcom/threads/MozPromise.h,91
accessible/base/DocManager.cpp,20
gfx/skia/trunk/src/gpu/gl/GrGpuGL.cpp,1
netwerk/base/nsNetUtil.inl,3
ipc/glue/RPCChannel.cpp,9
mozglue/misc/ConditionVariable_posix.cpp,36
gfx/layers/Compositor.cpp,7
js/src/jsatom.cpp,51
js/src/jit/x86-shared/CodeGenerator-x86-shared.cpp,17
js/public/HashTable.h,3
netwerk/sctp/src/netinet/sctputil.c,46
js/src/jsalloc.h,8
obj-firefox/ipc/ipdl/PPluginModuleParent.cpp,4
gfx/layers/RotatedBuffer.cpp,7
media/webrtc/trunk/webrtc/modules/rtp_rtcp/source/rtp_sender.cc,6
dom/flyweb/FlyWebPublishedServer.cpp,1
toolkit/components/url-classifier/nsUrlClassifierUtils.cpp,1
js/src/vm/Runtime.cpp,64
widget/windows/nsSound.cpp,10
layout/xul/nsSliderFrame.cpp,275
content/media/webaudio/MediaBufferDecoder.cpp,5
media/libcubeb/src/cubeb_utils_unix.h,1
media/mtransport/runnable_utils_generated.h,1
js/src/vm/Interpreter.cpp,4924
xpcom/ds/nsObserverService.cpp,92
js/src/jsmath.cpp,1
gfx/skia/skia/src/image/SkSurface_Raster.cpp,25
netwerk/cache2/CacheIndex.cpp,267
xpcom/io/nsBinaryStream.cpp,8
dom/bindings/DOMJSProxyHandler.cpp,3
dom/plugins/ipc/PluginModuleParent.cpp,62
obj-firefox/ipc/ipdl/PExternalHelperAppChild.cpp,27
chrome/nsChromeRegistry.cpp,19
obj-firefox/dom/bindings/HTMLOptionsCollectionBinding.cpp,1
obj-firefox/dist/include/mozilla/BasicEvents.h,5
ipc/glue/CrashReporterHost.cpp,1
gfx/skia/skia/src/core/SkTDynamicHash.h,13
gfx/thebes/gfxXlibSurface.cpp,2
dom/base/nsDocElementCreatedNotificationRunner.h,9
android-ndk/toolchains/arm-linux-androideabi-4.9/prebuilt/linux-x86_64/lib/gcc/arm-linux-androideabi/4.9/include/arm_neon.h,11
gfx/webrender_bindings/WebRenderAPI.cpp,33
obj-firefox/ipc/ipdl/PGPUParent.cpp,15
layout/generic/nsSplittableFrame.cpp,1
nsprpub/pr/src/misc/prenv.c,4
toolkit/crashreporter/breakpad-client/linux/handler/exception_handler.cc,3448
ipc/chromium/src/base/string16.cc,1
obj-firefox/dist/include/mozilla/dom/BindingUtils.h,44
obj-firefox/ipc/ipdl/PHeapSnapshotTempFileHelperChild.cpp,1
clang/include/c++/v1/atomic,5
js/src/jit/CompileInfo-inl.h,2
xpcom/ds/nsTArray.cpp,17
intl/icu/source/common/udata.cpp,8
ipc/chromium/src/third_party/libevent/event.c,41
dom/security/nsCORSListenerProxy.cpp,3
xpcom/base/Logging.h,7
ipc/chromium/src/base/pickle.cc,90
mobile/android/components/build/nsAndroidHistory.cpp,2190
toolkit/components/url-classifier/HashStore.cpp,8
toolkit/xre/nsNativeAppSupportWin.cpp,1
js/src/vm/MallocProvider.h,48
dom/media/gmp/GMPServiceParent.cpp,14
ipc/chromium/src/chrome/common/ipc_channel_win.cc,352
obj-firefox/dom/bindings/DOMExceptionBinding.cpp,1
netwerk/protocol/wyciwyg/WyciwygChannelParent.cpp,3
dom/security/nsCSPUtils.cpp,2
media/ffvpx/libavcodec/vp9.c,15
dom/console/ConsoleReportCollector.cpp,16
dom/canvas/CanvasRenderingContext2D.cpp,19
js/src/jit/x64/Lowering-x64.cpp,1
gfx/2d/convolverSSE2.cpp,4
js/src/frontend/FoldConstants.cpp,21
ipc/glue/MessageChannel.cpp,7921
obj-firefox/dist/include/nsNetUtil.h,1
layout/style/nsStyleStruct.h,9
security/nss/lib/ckfw/wrap.c,1
gfx/vr/VRDisplayPresentation.cpp,519
nsprpub/pr/src/io/priometh.c,3
media/libopus/celt/bands.c,13
dom/media/platforms/gonk/GonkVideoDecoderManager.cpp,47
layout/generic/nsFrameList.cpp,18
layout/base/nsCaret.cpp,6
gfx/skia/skia/src/core/SkDraw.cpp,49
layout/style/nsFontFaceLoader.cpp,1
layout/xul/nsPopupSetFrame.cpp,4
dom/base/nsContentUtils.cpp,158
netwerk/base/RequestContextService.cpp,1
toolkit/xre/nsEmbedFunctions.cpp,176
dom/bindings/Exceptions.cpp,3
js/src/vm/ArrayObject-inl.h,7
js/src/gc/GCRuntime.h,17
dom/media/gmp/ChromiumCDMParent.cpp,3
dom/workers/ScriptLoader.cpp,13
obj-firefox/ipc/ipdl/PTextureChild.cpp,1
mozglue/linker/ElfLoader.cpp,13
ipc/chromium/src/third_party/libevent/evutil_time.c,1
layout/base/FrameProperties.h,8
dom/base/nsNodeUtils.cpp,115
security/manager/ssl/TransportSecurityInfo.cpp,1
layout/generic/nsTextFrame.h,13
media/mtransport/sigslot.h,1
parser/expat/lib/xmlparse.c,10
js/src/jit/MacroAssembler.cpp,5
image/ISurfaceProvider.h,1
js/src/vm/ArrayBufferObject.cpp,9
xpcom/base/AvailableMemoryTracker.cpp,1
obj-firefox/dom/bindings/StorageBinding.cpp,1
dom/animation/DocumentTimeline.cpp,2
dom/base/nsWrapperCache.h,3
parser/htmlparser/nsExpatDriver.cpp,5
dom/media/platforms/apple/AppleVTDecoder.cpp,4
js/xpconnect/src/SandboxPrivate.h,4
gfx/layers/ipc/LayerTransactionChild.cpp,1
image/StreamingLexer.h,11
xpcom/io/nsStreamUtils.cpp,147
xpcom/reflect/xptcall/src/md/win32/xptcinvoke.cpp,1
gfx/thebes/gfxUserFontSet.cpp,7
js/src/jit/BaselineCacheIRCompiler.cpp,3
dom/xhr/XMLHttpRequestMainThread.h,23
security/nss/lib/pk11wrap/pk11akey.c,3
obj-firefox/ipc/ipdl/PJavaScriptParent.cpp,24
js/src/jsgcinlines.h,2
image/src/imgLoader.cpp,3
xpcom/ds/nsClassHashtable.h,3
obj-firefox/dist/include/mozilla/dom/TypedArray.h,2
obj-firefox/ipc/ipdl/PBackgroundIDBDatabase.cpp,3
dom/media/webaudio/AudioNodeStream.cpp,1
xpcom/components/nsComponentManager.cpp,270
image/CopyOnWrite.h,1
xpcom/threads/ThrottledEventQueue.cpp,37
parser/expat/lib/xmltok_ns.c,1
js/src/jsdate.cpp,1
js/src/vm/NativeObject.h,142
gfx/layers/ipc/ISurfaceAllocator.cpp,2
gfx/ipc/InProcessCompositorSession.cpp,1
gfx/skia/skia/src/gpu/GrTextureMaker.cpp,1
dom/ipc/FilePickerParent.cpp,3
js/src/gc/Memory.cpp,64
media/libpng/pngmem.c,4
accessible/ipc/ProxyAccessible.cpp,6
editor/libeditor/nsEditorEventListener.cpp,16
obj-firefox/dist/include/mozilla/StyleComplexColor.h,1
ipc/chromium/src/third_party/libevent/minheap-internal.h,2
js/src/wasm/WasmGenerator.cpp,2
gfx/gl/GLUploadHelpers.cpp,2
netwerk/cache2/CacheEntry.cpp,16
layout/base/StaticPresData.cpp,1
layout/style/AnimationCollection.cpp,1
js/src/jit/ICStubSpace.h,2
dom/media/mediasink/AudioSink.cpp,23
layout/style/nsStyleAutoArray.h,2
dom/canvas/TexUnpackBlob.cpp,2
nsprpub/pr/src/threads/combined/prucv.c,12
vs2015u3/VC/include/algorithm,1
js/src/vm/AsyncFunction.cpp,2
gfx/angle/src/libANGLE/renderer/d3d/d3d11/Image11.cpp,16
mfbt/RefPtr.h,1004
xpcom/glue/nsThreadUtils.cpp,540
docshell/base/SerializedLoadContext.cpp,6
gfx/skia/skia/src/gpu/ops/GrOp.h,5
dom/encoding/TextEncoder.cpp,7
obj-firefox/ipc/ipdl/DOMTypes.cpp,1
gfx/2d/Swizzle.cpp,1
js/src/jit/x86-shared/AssemblerBuffer-x86-shared.h,8
mfbt/Maybe.h,78
dom/media/DecoderTraits.cpp,1
dom/encoding/TextDecoder.cpp,2
dom/html/nsGenericHTMLElement.h,11
netwerk/sctp/src/netinet/sctp_callout.c,9
layout/generic/nsHTMLCanvasFrame.cpp,4
gfx/layers/d3d11/TextureD3D11.cpp,784
obj-firefox/dist/include/MediaData.h,5
js/src/vm/Debugger.cpp,20
security/nss/lib/pki/trustdomain.c,2
obj-firefox/ipc/ipdl/PDocAccessibleParent.cpp,95
hal/Hal.cpp,2
dom/media/omx/MediaOmxCommonDecoder.cpp,2
security/nss/lib/dev/devtoken.c,4
modules/zlib/src/inffast.c,13
dom/plugins/ipc/PluginModuleChild.cpp,940
storage/mozStorageService.cpp,27
js/src/jit/VMFunctions.cpp,100
layout/base/nsCSSRendering.cpp,2
dom/base/nsWrapperCacheInlines.h,10
dom/base/nsXMLHttpRequest.cpp,4
layout/base/nsPresShell.cpp,40
gfx/angle/src/libANGLE/renderer/d3d/d3d11/Context11.cpp,12
js/src/jit/BaselineJIT.cpp,751
